{"type": "FeatureCollection", "features": [{"type": "Feature", "properties": {"kind": "building"}, "geometry": {"type": "Polygon", "coordinates": [[[79.1560957, 12.9702427], [79.1560886, 12.9701523], [79.1565215, 12.97012], [79.1565286, 12.9702104], [79.1560957, 12.9702427]]]}}, {"type": "Feature", "properties": {"kind": "building"}, "geometry": {"type": "Polygon", "coordinates": [[[79.1558585, 12.970106], [79.1558589, 12.9702316], [79.1554919, 12.9702327], [79.1554915, 12.9701072], [79.1558585, 12.970106]]]}}, {"type": "Feature", "properties": {"kind": "building"}, "geometry": {"type": "Polygon", "coordinates": [[[79.1566523, 12.9694022], [79.1566509, 12.9692858], [79.1567066, 12.9692852], [79.1567054, 12.9691794], [79.1567744, 12.9691787], [79.1567742, 12.9691548], [79.1569316, 12.9691532], [79.1569318, 12.969172], [79.1570045, 12.9691714], [79.1570056, 12.9692852], [79.1570598, 12.9692847], [79.1570607, 12.9693901], [79.1570051, 12.9693906], [79.1570058, 12.9694645], [79.1569554, 12.9694649], [79.1569473, 12.9694885], [79.1567774, 12.969492], [79.1567767, 12.9694581], [79.156714, 12.9694594], [79.1567127, 12.969401], [79.1566523, 12.9694022]]]}}, {"type": "Feature", "properties": {"kind": "building"}, "geometry": {"type": "Polygon", "coordinates": [[[79.1548201, 12.9706648], [79.1548178, 12.970461], [79.1552376, 12.9704566], [79.1552398, 12.9706605], [79.1548201, 12.9706648]]]}}, {"type": "Feature", "properties": {"kind": "building"}, "geometry": {"type": "Polygon", "coordinates": [[[79.1552575, 12.9706986], [79.1552521, 12.9705235], [79.1553058, 12.9705261], [79.1553085, 12.9704399], [79.1553728, 12.9704373], [79.1553809, 12.9706986], [79.1552575, 12.9706986]]]}}, {"type": "Feature", "properties": {"kind": "building"}, "geometry": {"type": "Polygon", "coordinates": [[[79.1542921, 12.9701628], [79.154295, 12.9701734], [79.1543035, 12.9701807], [79.1543038, 12.9701808], [79.1543041, 12.9702138], [79.1542962, 12.9702204], [79.1542931, 12.9702301], [79.1542959, 12.9702408], [79.1543044, 12.9702481], [79.1543049, 12.9702922], [79.1543222, 12.9703039], [79.1543226, 12.9703439], [79.1544389, 12.9703428], [79.1544357, 12.9700017], [79.1544657, 12.9700015], [79.1544639, 12.9698213], [79.1544339, 12.9698215], [79.1544335, 12.969771], [79.1543117, 12.9697721], [79.1543121, 12.9698142], [79.1542947, 12.9698299], [79.1542951, 12.9698731], [79.1542948, 12.9698733], [79.1542869, 12.96988], [79.1542837, 12.9698896], [79.1542866, 12.9699003], [79.1542951, 12.9699076], [79.1543012, 12.9699081], [79.1543015, 12.9699417], [79.1542965, 12.9699422], [79.1542886, 12.9699489], [79.1542854, 12.9699586], [79.1542883, 12.9699692], [79.1542968, 12.9699765], [79.1543019, 12.969977], [79.1543022, 12.9700101], [79.1542981, 12.9700105], [79.1542903, 12.9700172], [79.1542871, 12.9700268], [79.15429, 12.9700375], [79.1542985, 12.9700448], [79.1543025, 12.9700452], [79.1543028, 12.9700783], [79.1543008, 12.9700785], [79.154293, 12.9700851], [79.1542898, 12.9700948], [79.1542926, 12.9701055], [79.1543012, 12.9701128], [79.1543032, 12.9701129], [79.1543035, 12.9701464], [79.1543032, 12.9701464], [79.1542953, 12.9701531], [79.1542921, 12.9701628]]]}}, {"type": "Feature", "properties": {"kind": "building"}, "geometry": {"type": "Polygon", "coordinates": [[[79.1581693, 12.9691083], [79.1581668, 12.9688792], [79.1585079, 12.9688756], [79.1585105, 12.9691047], [79.1581693, 12.9691083]]]}}, {"type": "Feature", "properties": {"kind": "building"}, "geometry": {"type": "Polygon", "coordinates": [[[79.1601275, 12.9711649], [79.160276, 12.9711847], [79.1602941, 12.9710553], [79.1601457, 12.9710355], [79.1601275, 12.9711649]]]}}, {"type": "Feature", "properties": {"kind": "building"}, "geometry": {"type": "Polygon", "coordinates": [[[79.1608356, 12.9707355], [79.1608473, 12.9706624], [79.1607666, 12.9706502], [79.1607641, 12.9706656], [79.1607209, 12.970659], [79.1607233, 12.9706436], [79.1604134, 12.9705964], [79.1603998, 12.9706815], [79.160315, 12.9706686], [79.1603328, 12.970557], [79.1603465, 12.9705591], [79.1603562, 12.9704982], [79.1603985, 12.9705046], [79.1604078, 12.9704468], [79.1610945, 12.9705513], [79.1610595, 12.9707695], [79.1608356, 12.9707355]]]}}, {"type": "Feature", "properties": {"kind": "building"}, "geometry": {"type": "Polygon", "coordinates": [[[79.1552244, 12.9692196], [79.1552211, 12.9692302], [79.155213, 12.969238], [79.155202, 12.9692411], [79.1551906, 12.9692386], [79.155182, 12.969231], [79.1551782, 12.9692203], [79.1547571, 12.9692271], [79.1547514, 12.9692373], [79.1547419, 12.9692442], [79.1547303, 12.9692467], [79.1547189, 12.9692443], [79.1547095, 12.9692377], [79.1547036, 12.969228], [79.1547015, 12.9691042], [79.1552223, 12.969096], [79.1552244, 12.9692196]]]}}, {"type": "Feature", "properties": {"kind": "building"}, "geometry": {"type": "Polygon", "coordinates": [[[79.1545194, 12.9693708], [79.154524, 12.9696407], [79.1546013, 12.9696395], [79.1546009, 12.9696128], [79.1546883, 12.9696114], [79.154688, 12.9695923], [79.1547108, 12.969592], [79.1547094, 12.9695084], [79.1547733, 12.9695073], [79.1547709, 12.9693667], [79.1545194, 12.9693708]]]}}, {"type": "Feature", "properties": {"kind": "building"}, "geometry": {"type": "Polygon", "coordinates": [[[79.1578837, 12.968027], [79.1579006, 12.9680247], [79.1579164, 12.9680181], [79.1579298, 12.9680077], [79.1579405, 12.9679933], [79.1579467, 12.9679765], [79.1579461, 12.9679602], [79.1582147, 12.9679098], [79.1582247, 12.9679219], [79.1582369, 12.9679319], [79.1582588, 12.9679424], [79.1582829, 12.9679462], [79.1582947, 12.9679461], [79.158296, 12.9680368], [79.1582844, 12.968051], [79.1582854, 12.9681214], [79.1583245, 12.9681208], [79.1583241, 12.9680933], [79.1585063, 12.9680909], [79.1585057, 12.9680426], [79.1584244, 12.9680437], [79.1584243, 12.9680365], [79.1583752, 12.9680372], [79.1583736, 12.9679217], [79.1583412, 12.9679221], [79.1583408, 12.9678949], [79.158432, 12.9678936], [79.1584322, 12.9679078], [79.1584017, 12.9679082], [79.1584033, 12.9680208], [79.1585107, 12.9680194], [79.1585066, 12.967727], [79.1583024, 12.9677297], [79.1583033, 12.9677922], [79.1582872, 12.9677924], [79.1582873, 12.9677999], [79.1582526, 12.9678004], [79.1582526, 12.9678065], [79.1582191, 12.9678069], [79.1582192, 12.9678133], [79.1581865, 12.9678138], [79.1581867, 12.9678225], [79.1581544, 12.9678229], [79.1581545, 12.9678277], [79.1581228, 12.9678281], [79.1581229, 12.9678352], [79.1580893, 12.9678357], [79.1580894, 12.9678417], [79.1580558, 12.9678422], [79.1580559, 12.967848], [79.1580233, 12.9678484], [79.1580233, 12.9678551], [79.1579894, 12.9678556], [79.1579895, 12.9678633], [79.1579566, 12.9678637], [79.1579567, 12.9678698], [79.157924, 12.9678703], [79.1579241, 12.9678777], [79.1578914, 12.9678781], [79.1578916, 12.9678878], [79.1578225, 12.9678887], [79.1578237, 12.9679751], [79.1578137, 12.9679752], [79.1578155, 12.9681051], [79.1578607, 12.9681045], [79.1578611, 12.9681271], [79.1578851, 12.9681268], [79.1578847, 12.9681025], [79.1579152, 12.9681021], [79.157915, 12.9680823], [79.1578959, 12.9680825], [79.1578955, 12.9680543], [79.1578841, 12.9680544], [79.1578837, 12.968027]]]}}, {"type": "Feature", "properties": {"kind": "building"}, "geometry": {"type": "Polygon", "coordinates": [[[79.1573238, 12.9675107], [79.1572449, 12.9671373], [79.1574221, 12.9671017], [79.1575009, 12.9674752], [79.1573238, 12.9675107]]]}}, {"type": "Feature", "properties": {"kind": "building"}, "geometry": {"type": "Polygon", "coordinates": [[[79.1571054, 12.9675295], [79.1570578, 12.9673623], [79.1571534, 12.9673364], [79.157201, 12.9675037], [79.1571054, 12.9675295]]]}}, {"type": "Feature", "properties": {"kind": "building"}, "geometry": {"type": "Polygon", "coordinates": [[[79.1569023, 12.9672594], [79.157049, 12.9672005], [79.1571054, 12.9673338], [79.1569587, 12.9673927], [79.1569023, 12.9672594]]]}}, {"type": "Feature", "properties": {"kind": "building"}, "geometry": {"type": "Polygon", "coordinates": [[[79.16328, 12.9707388], [79.1633113, 12.9707424], [79.16331, 12.9707528], [79.1634008, 12.9707634], [79.163413, 12.9707737], [79.163491, 12.9707828], [79.1635201, 12.9707549], [79.1635213, 12.970745], [79.1635511, 12.9707485], [79.1635557, 12.970711], [79.1635989, 12.9707161], [79.1636256, 12.9704993], [79.163314, 12.9704628], [79.1633044, 12.9705412], [79.1632951, 12.9705401], [79.1632746, 12.9707069], [79.1632838, 12.970708], [79.16328, 12.9707388]]]}}, {"type": "Feature", "properties": {"kind": "building"}, "geometry": {"type": "Polygon", "coordinates": [[[79.159443, 12.9729782], [79.1593874, 12.9729801], [79.1593835, 12.9728703], [79.1594668, 12.9728676], [79.1594652, 12.9728222], [79.1594238, 12.9728235], [79.1594218, 12.9727631], [79.1597445, 12.9727527], [79.1597436, 12.9727256], [79.1597868, 12.9727243], [79.1597875, 12.9727478], [79.1601282, 12.972738], [79.1601296, 12.9727875], [79.1601011, 12.9727883], [79.1601024, 12.9728349], [79.160181, 12.9728328], [79.1601845, 12.9729584], [79.160122, 12.9729601], [79.1601225, 12.9729766], [79.1601592, 12.9729757], [79.1601616, 12.9730622], [79.1594308, 12.9730809], [79.159429, 12.9730151], [79.1594591, 12.9730143], [79.1594581, 12.9729778], [79.159443, 12.9729782]]]}}, {"type": "Feature", "properties": {"kind": "building"}, "geometry": {"type": "Polygon", "coordinates": [[[79.1588223, 12.9700657], [79.1588788, 12.970142], [79.1589571, 12.970087], [79.1589006, 12.9700106], [79.1588223, 12.9700657]]]}}, {"type": "Feature", "properties": {"kind": "building"}, "geometry": {"type": "Polygon", "coordinates": [[[79.1589252, 12.9700139], [79.158974, 12.970076], [79.1590377, 12.9700284], [79.1589889, 12.9699663], [79.1589252, 12.9700139]]]}}, {"type": "Feature", "properties": {"kind": "building"}, "geometry": {"type": "Polygon", "coordinates": [[[79.1589754, 12.9700909], [79.1590537, 12.9701978], [79.1591634, 12.9701214], [79.1590851, 12.9700145], [79.1589754, 12.9700909]]]}}, {"type": "Feature", "properties": {"kind": "building"}, "geometry": {"type": "Polygon", "coordinates": [[[79.1588975, 12.9701528], [79.1589513, 12.9702197], [79.1590199, 12.9701672], [79.1589661, 12.9701004], [79.1588975, 12.9701528]]]}}, {"type": "Feature", "properties": {"kind": "building"}, "geometry": {"type": "Polygon", "coordinates": [[[79.1578745, 12.9721388], [79.1579442, 12.97207], [79.1581025, 12.9722224], [79.1581937, 12.9722198], [79.158317, 12.9720895], [79.1583971, 12.9721614], [79.1582879, 12.9722767], [79.1583439, 12.972327], [79.1583198, 12.972374], [79.1584541, 12.9725001], [79.1583434, 12.9726121], [79.1582074, 12.9724844], [79.1581892, 12.9725028], [79.1581445, 12.972461], [79.1579878, 12.9726197], [79.1578869, 12.9725251], [79.1580529, 12.972357], [79.1580274, 12.9723544], [79.1580311, 12.9723203], [79.1580582, 12.9723231], [79.1580703, 12.9722969], [79.1578745, 12.9721388]]]}}, {"type": "Feature", "properties": {"kind": "building"}, "geometry": {"type": "Polygon", "coordinates": [[[79.1571582, 12.9722392], [79.1572306, 12.9721608], [79.1573647, 12.9722784], [79.1574478, 12.9722836], [79.1575887, 12.9721293], [79.157677, 12.9722058], [79.157539, 12.9723568], [79.1575471, 12.9724509], [79.157677, 12.9725564], [79.1576144, 12.9726297], [79.1574586, 12.9725032], [79.1573889, 12.9724875], [79.1572552, 12.9726412], [79.1571763, 12.9725761], [79.1573057, 12.9724274], [79.1573111, 12.9723672], [79.1571582, 12.9722392]]]}}, {"type": "Feature", "properties": {"kind": "building"}, "geometry": {"type": "Polygon", "coordinates": [[[79.1578832, 12.9741038], [79.1579674, 12.9741006], [79.15797, 12.9741673], [79.1587099, 12.9741394], [79.1587071, 12.9740697], [79.1588229, 12.9740654], [79.158814, 12.9738423], [79.1586749, 12.9738476], [79.1586732, 12.9738049], [79.1579745, 12.9738313], [79.1579766, 12.9738856], [79.1578746, 12.9738894], [79.1578832, 12.9741038]]]}}, {"type": "Feature", "properties": {"kind": "building"}, "geometry": {"type": "Polygon", "coordinates": [[[79.1591931, 12.9741884], [79.1591739, 12.9737931], [79.1593131, 12.9737866], [79.1593199, 12.9739267], [79.1593649, 12.9739246], [79.1593773, 12.9741799], [79.1591931, 12.9741884]]]}}, {"type": "Feature", "properties": {"kind": "building"}, "geometry": {"type": "Polygon", "coordinates": [[[79.1593068, 12.9734294], [79.1593962, 12.9734285], [79.1593966, 12.9734726], [79.1599194, 12.9734674], [79.1599198, 12.9734984], [79.1600519, 12.9734969], [79.1600508, 12.973406], [79.1600974, 12.9734055], [79.160098, 12.9734553], [79.1601957, 12.9734542], [79.1601945, 12.9733637], [79.1600537, 12.9733654], [79.1600522, 12.973251], [79.1601881, 12.9732493], [79.1601872, 12.9731814], [79.1594089, 12.9731912], [79.1594098, 12.9732585], [79.1593045, 12.9732599], [79.1593068, 12.9734294]]]}}, {"type": "Feature", "properties": {"kind": "building"}, "geometry": {"type": "Polygon", "coordinates": [[[79.1585863, 12.9731225], [79.1586204, 12.9731203], [79.1586183, 12.9730886], [79.1588897, 12.9730714], [79.1591617, 12.9730543], [79.1591634, 12.9730787], [79.1591683, 12.9731515], [79.1591712, 12.9731958], [79.1591131, 12.9731995], [79.1591109, 12.9731666], [79.1589001, 12.9731799], [79.1589052, 12.9732569], [79.1590263, 12.9732493], [79.1590317, 12.9733313], [79.158925, 12.973338], [79.1589309, 12.9734285], [79.1589686, 12.9734261], [79.1589722, 12.9734811], [79.1589292, 12.9734838], [79.1589333, 12.973545], [79.1588849, 12.9735481], [79.1588815, 12.9734966], [79.158836, 12.9734994], [79.158817, 12.973212], [79.1586325, 12.9732236], [79.1586302, 12.9731893], [79.1585908, 12.9731917], [79.1585863, 12.9731225]]]}}, {"type": "Feature", "properties": {"kind": "building"}, "geometry": {"type": "Polygon", "coordinates": [[[79.1589548, 12.9720049], [79.1589589, 12.9721649], [79.1589389, 12.9721654], [79.1589424, 12.972304], [79.1591734, 12.9722984], [79.1591724, 12.9722571], [79.1594352, 12.9722508], [79.1594286, 12.9719934], [79.1592045, 12.9719988], [79.1592014, 12.9718766], [79.159094, 12.9718792], [79.1590971, 12.9720015], [79.1589548, 12.9720049]]]}}, {"type": "Feature", "properties": {"kind": "building"}, "geometry": {"type": "Polygon", "coordinates": [[[79.1583784, 12.9732784], [79.1583878, 12.973562], [79.1584889, 12.9735588], [79.1584796, 12.9732752], [79.1583784, 12.9732784]]]}}, {"type": "Feature", "properties": {"kind": "building"}, "geometry": {"type": "Polygon", "coordinates": [[[79.1591218, 12.9729437], [79.1591603, 12.9729414], [79.159154, 12.9728421], [79.1591155, 12.9728445], [79.1591117, 12.9727858], [79.158571, 12.9728185], [79.1585748, 12.9728772], [79.1585249, 12.9728802], [79.1585312, 12.9729795], [79.1585812, 12.9729764], [79.1585848, 12.9730319], [79.1591253, 12.9729992], [79.1591218, 12.9729437]]]}}, {"type": "Feature", "properties": {"kind": "building"}, "geometry": {"type": "Polygon", "coordinates": [[[79.1570029, 12.974928], [79.1570155, 12.9750338], [79.1571987, 12.975013], [79.1571861, 12.9749073], [79.1570029, 12.974928]]]}}, {"type": "Feature", "properties": {"kind": "building"}, "geometry": {"type": "Polygon", "coordinates": [[[79.1572241, 12.9750132], [79.1575196, 12.9749797], [79.1575017, 12.9748302], [79.1574194, 12.9748395], [79.1574223, 12.9748645], [79.1572093, 12.9748886], [79.1572241, 12.9750132]]]}}, {"type": "Feature", "properties": {"kind": "building"}, "geometry": {"type": "Polygon", "coordinates": [[[79.1579466, 12.9749094], [79.1582218, 12.9748782], [79.158196, 12.9746624], [79.1579208, 12.9746936], [79.1579466, 12.9749094]]]}}, {"type": "Feature", "properties": {"kind": "building"}, "geometry": {"type": "Polygon", "coordinates": [[[79.1601902, 12.976313], [79.1601064, 12.9756112], [79.1599569, 12.9756282], [79.1600407, 12.9763299], [79.1601902, 12.976313]]]}}, {"type": "Feature", "properties": {"kind": "building"}, "geometry": {"type": "Polygon", "coordinates": [[[79.167518, 12.9722747], [79.1683418, 12.9722793], [79.1683441, 12.9718748], [79.1675204, 12.9718703], [79.167518, 12.9722747]]]}}, {"type": "Feature", "properties": {"kind": "building"}, "geometry": {"type": "Polygon", "coordinates": [[[79.1685748, 12.9716291], [79.1682206, 12.9716272], [79.1682194, 12.9718382], [79.1685736, 12.9718402], [79.1685748, 12.9716291]]]}}, {"type": "Feature", "properties": {"kind": "building"}, "geometry": {"type": "Polygon", "coordinates": [[[79.1672645, 12.9700086], [79.1673652, 12.9700091], [79.1673665, 12.9697943], [79.1672658, 12.9697937], [79.1672645, 12.9700086]]]}}, {"type": "Feature", "properties": {"kind": "building"}, "geometry": {"type": "Polygon", "coordinates": [[[79.1683564, 12.9693488], [79.1683557, 12.9694651], [79.1688338, 12.9694677], [79.1688337, 12.9694883], [79.1689221, 12.9694888], [79.1689224, 12.9694238], [79.1688307, 12.9694233], [79.1688311, 12.9693514], [79.1683564, 12.9693488]]]}}, {"type": "Feature", "properties": {"kind": "building"}, "geometry": {"type": "Polygon", "coordinates": [[[79.1677828, 12.9694713], [79.1683072, 12.9694687], [79.1683066, 12.9693523], [79.1677822, 12.969355], [79.1677828, 12.9694713]]]}}, {"type": "Feature", "properties": {"kind": "building"}, "geometry": {"type": "Polygon", "coordinates": [[[79.1672592, 12.9694192], [79.167687, 12.9694218], [79.1676877, 12.9693095], [79.1672599, 12.9693069], [79.1672592, 12.9694192]]]}}, {"type": "Feature", "properties": {"kind": "building"}, "geometry": {"type": "Polygon", "coordinates": [[[79.1673544, 12.9696453], [79.1679152, 12.9696344], [79.1679144, 12.9695917], [79.1678781, 12.9695924], [79.1678772, 12.969548], [79.1679135, 12.9695473], [79.1679123, 12.9694898], [79.1676764, 12.9694943], [79.1676775, 12.9695507], [79.1676254, 12.9695517], [79.1676247, 12.9695208], [79.1675872, 12.9695215], [79.1675878, 12.9695525], [79.1675313, 12.9695536], [79.1675301, 12.9694971], [79.1673515, 12.9695006], [79.1673522, 12.9695369], [79.1673818, 12.9695363], [79.1673832, 12.9696016], [79.1673535, 12.9696021], [79.1673544, 12.9696453]]]}}, {"type": "Feature", "properties": {"kind": "building"}, "geometry": {"type": "Polygon", "coordinates": [[[79.1677419, 12.9689279], [79.1678587, 12.9689256], [79.1678541, 12.9686975], [79.1679405, 12.9686958], [79.1679391, 12.9686269], [79.1682978, 12.96862], [79.1682992, 12.9686873], [79.168371, 12.9686859], [79.1683737, 12.9688152], [79.1682348, 12.9688179], [79.1682368, 12.9689183], [79.1684917, 12.9689134], [79.1684888, 12.9687736], [79.1685084, 12.9687732], [79.1685073, 12.9687223], [79.1684878, 12.9687226], [79.1684859, 12.9686325], [79.1685028, 12.9686322], [79.168502, 12.9685916], [79.1684654, 12.9685923], [79.1684631, 12.9684805], [79.1684206, 12.9684813], [79.168421, 12.9685049], [79.1683244, 12.9685067], [79.168324, 12.9684832], [79.1682878, 12.9684839], [79.1682884, 12.9685126], [79.1681757, 12.9685148], [79.1681751, 12.9684861], [79.1680999, 12.9684868], [79.1680235, 12.968489], [79.1680242, 12.9685191], [79.1679357, 12.9685208], [79.1679351, 12.9684907], [79.1678908, 12.9684916], [79.1678913, 12.9685138], [79.1678014, 12.9685155], [79.167801, 12.9684933], [79.1677643, 12.968494], [79.1677668, 12.9686148], [79.1677218, 12.9686157], [79.1677226, 12.968652], [79.1677363, 12.9686518], [79.1677392, 12.9687941], [79.1677255, 12.9687944], [79.1677263, 12.968835], [79.16774, 12.9688347], [79.1677419, 12.9689279]]]}}, {"type": "Feature", "properties": {"kind": "building"}, "geometry": {"type": "Polygon", "coordinates": [[[79.1677707, 12.9673461], [79.1678932, 12.9673366], [79.1678911, 12.9672482], [79.1678862, 12.9671709], [79.1678947, 12.967094], [79.1679164, 12.9670195], [79.1679506, 12.9669496], [79.1679964, 12.9668864], [79.1680524, 12.9668315], [79.1681172, 12.9667866], [79.1681887, 12.966753], [79.1681522, 12.9666247], [79.1680597, 12.9666658], [79.1679754, 12.9667213], [79.1679018, 12.9667897], [79.1678408, 12.9668691], [79.1677942, 12.9669572], [79.1677633, 12.9670516], [79.1677488, 12.9671497], [79.1677513, 12.9672488], [79.1677707, 12.9673461]]]}}, {"type": "Feature", "properties": {"kind": "building"}, "geometry": {"type": "Polygon", "coordinates": [[[79.1679177, 12.9681868], [79.168088, 12.9681802], [79.168082, 12.9680326], [79.1679117, 12.9680391], [79.1679177, 12.9681868]]]}}, {"type": "Feature", "properties": {"kind": "building"}, "geometry": {"type": "Polygon", "coordinates": [[[79.1690925, 12.9711012], [79.1693366, 12.9711012], [79.1693366, 12.9705078], [79.1690925, 12.9705078], [79.1690925, 12.9711012]]]}}, {"type": "Feature", "properties": {"kind": "building"}, "geometry": {"type": "Polygon", "coordinates": [[[79.1674619, 12.9668112], [79.1675241, 12.9668084], [79.1675227, 12.9667787], [79.1675618, 12.9667769], [79.1675576, 12.966687], [79.1675198, 12.9666887], [79.1675179, 12.9666475], [79.1674557, 12.9666503], [79.1674577, 12.9666923], [79.167369, 12.9666963], [79.1673733, 12.9667862], [79.1674605, 12.9667823], [79.1674619, 12.9668112]]]}}, {"type": "Feature", "properties": {"kind": "building"}, "geometry": {"type": "Polygon", "coordinates": [[[79.1528135, 12.9650718], [79.1529603, 12.9650718], [79.1529603, 12.9649189], [79.1528135, 12.9649189], [79.1528135, 12.9650718]]]}}, {"type": "Feature", "properties": {"kind": "building"}, "geometry": {"type": "Polygon", "coordinates": [[[79.1524239, 12.9648254], [79.1525848, 12.9648254], [79.1525848, 12.9647522], [79.1524239, 12.9647522], [79.1524239, 12.9648254]]]}}, {"type": "Feature", "properties": {"kind": "building"}, "geometry": {"type": "Polygon", "coordinates": [[[79.1523139, 12.9645849], [79.1523984, 12.9645849], [79.1523984, 12.9645242], [79.1523139, 12.9645242], [79.1523139, 12.9645849]]]}}, {"type": "Feature", "properties": {"kind": "building"}, "geometry": {"type": "Polygon", "coordinates": [[[79.1523012, 12.9647065], [79.1523803, 12.9647065], [79.1523803, 12.9646059], [79.1523012, 12.9646059], [79.1523012, 12.9647065]]]}}, {"type": "Feature", "properties": {"kind": "building"}, "geometry": {"type": "Polygon", "coordinates": [[[79.152501, 12.9646333], [79.1526525, 12.9646333], [79.1526525, 12.9645392], [79.152501, 12.9645392], [79.152501, 12.9646333]]]}}, {"type": "Feature", "properties": {"kind": "building"}, "geometry": {"type": "Polygon", "coordinates": [[[79.1522837, 12.9643105], [79.1523883, 12.9643105], [79.1523883, 12.9641811], [79.1522837, 12.9641811], [79.1522837, 12.9643105]]]}}, {"type": "Feature", "properties": {"kind": "building"}, "geometry": {"type": "Polygon", "coordinates": [[[79.1525768, 12.9642484], [79.1526854, 12.9642484], [79.1526854, 12.9641883], [79.1525768, 12.9641883], [79.1525768, 12.9642484]]]}}, {"type": "Feature", "properties": {"kind": "building"}, "geometry": {"type": "Polygon", "coordinates": [[[79.1525821, 12.9643229], [79.1526787, 12.9643229], [79.1526787, 12.9642654], [79.1525821, 12.9642654], [79.1525821, 12.9643229]]]}}, {"type": "Feature", "properties": {"kind": "building"}, "geometry": {"type": "Polygon", "coordinates": [[[79.1524708, 12.9644503], [79.1525634, 12.9644503], [79.1525634, 12.9643223], [79.1524708, 12.9643223], [79.1524708, 12.9644503]]]}}, {"type": "Feature", "properties": {"kind": "building"}, "geometry": {"type": "Polygon", "coordinates": [[[79.1532909, 12.9628905], [79.153368, 12.9628905], [79.153368, 12.9627239], [79.1532909, 12.9627239], [79.1532909, 12.9628905]]]}}, {"type": "Feature", "properties": {"kind": "building"}, "geometry": {"type": "Polygon", "coordinates": [[[79.1531997, 12.9628944], [79.1532668, 12.9628944], [79.1532668, 12.962735], [79.1531997, 12.962735], [79.1531997, 12.9628944]]]}}, {"type": "Feature", "properties": {"kind": "building"}, "geometry": {"type": "Polygon", "coordinates": [[[79.1531876, 12.9630794], [79.1532701, 12.9630794], [79.1532701, 12.9629101], [79.1531876, 12.9629101], [79.1531876, 12.9630794]]]}}, {"type": "Feature", "properties": {"kind": "building"}, "geometry": {"type": "Polygon", "coordinates": [[[79.153372, 12.9630924], [79.1534572, 12.9630924], [79.1534572, 12.9629173], [79.153372, 12.9629173], [79.153372, 12.9630924]]]}}, {"type": "Feature", "properties": {"kind": "building"}, "geometry": {"type": "Polygon", "coordinates": [[[79.1535337, 12.9633107], [79.1536939, 12.9633107], [79.1536939, 12.9631905], [79.1535337, 12.9631905], [79.1535337, 12.9633107]]]}}, {"type": "Feature", "properties": {"kind": "building"}, "geometry": {"type": "Polygon", "coordinates": [[[79.1533539, 12.9632976], [79.1534384, 12.9632976], [79.1534384, 12.9631839], [79.1533539, 12.9631839], [79.1533539, 12.9632976]]]}}, {"type": "Feature", "properties": {"kind": "building"}, "geometry": {"type": "Polygon", "coordinates": [[[79.1532768, 12.9634375], [79.1533466, 12.9634375], [79.1533466, 12.9633153], [79.1532768, 12.9633153], [79.1532768, 12.9634375]]]}}, {"type": "Feature", "properties": {"kind": "building"}, "geometry": {"type": "Polygon", "coordinates": [[[79.1531776, 12.9634401], [79.1532607, 12.9634401], [79.1532607, 12.963314], [79.1531776, 12.963314], [79.1531776, 12.9634401]]]}}, {"type": "Feature", "properties": {"kind": "building"}, "geometry": {"type": "Polygon", "coordinates": [[[79.1537737, 12.9636237], [79.1539192, 12.9636237], [79.1539192, 12.9635322], [79.1537737, 12.9635322], [79.1537737, 12.9636237]]]}}, {"type": "Feature", "properties": {"kind": "building"}, "geometry": {"type": "Polygon", "coordinates": [[[79.1536007, 12.9636472], [79.1536765, 12.9636472], [79.1536765, 12.9635342], [79.1536007, 12.9635342], [79.1536007, 12.9636472]]]}}, {"type": "Feature", "properties": {"kind": "building"}, "geometry": {"type": "Polygon", "coordinates": [[[79.1535229, 12.9636453], [79.153594, 12.9636453], [79.153594, 12.9635276], [79.1535229, 12.9635276], [79.1535229, 12.9636453]]]}}, {"type": "Feature", "properties": {"kind": "building"}, "geometry": {"type": "Polygon", "coordinates": [[[79.1534277, 12.9636531], [79.1535035, 12.9636531], [79.1535035, 12.963529], [79.1534277, 12.963529], [79.1534277, 12.9636531]]]}}, {"type": "Feature", "properties": {"kind": "building"}, "geometry": {"type": "Polygon", "coordinates": [[[79.1532614, 12.9636479], [79.1533305, 12.9636479], [79.1533305, 12.9635146], [79.1532614, 12.9635146], [79.1532614, 12.9636479]]]}}, {"type": "Feature", "properties": {"kind": "building"}, "geometry": {"type": "Polygon", "coordinates": [[[79.153596, 12.9639877], [79.1537663, 12.9639877], [79.1537663, 12.9638661], [79.153596, 12.9638661], [79.153596, 12.9639877]]]}}, {"type": "Feature", "properties": {"kind": "building"}, "geometry": {"type": "Polygon", "coordinates": [[[79.1532379, 12.9643164], [79.1533855, 12.9643164], [79.1533855, 12.9642099], [79.1532379, 12.9642099], [79.1532379, 12.9643164]]]}}, {"type": "Feature", "properties": {"kind": "building"}, "geometry": {"type": "Polygon", "coordinates": [[[79.1536322, 12.9674771], [79.1537884, 12.9675058], [79.1538046, 12.9674222], [79.1536484, 12.9673936], [79.1536322, 12.9674771]]]}}, {"type": "Feature", "properties": {"kind": "building"}, "geometry": {"type": "Polygon", "coordinates": [[[79.1536617, 12.9672922], [79.1537635, 12.9673109], [79.1537932, 12.9671576], [79.1536914, 12.9671389], [79.1536617, 12.9672922]]]}}, {"type": "Feature", "properties": {"kind": "building"}, "geometry": {"type": "Polygon", "coordinates": [[[79.1538488, 12.9673177], [79.1539188, 12.9673306], [79.1539447, 12.9671968], [79.1538747, 12.9671839], [79.1538488, 12.9673177]]]}}, {"type": "Feature", "properties": {"kind": "building"}, "geometry": {"type": "Polygon", "coordinates": [[[79.1540533, 12.967366], [79.1541074, 12.967376], [79.1541351, 12.9672327], [79.154081, 12.9672228], [79.1540533, 12.967366]]]}}, {"type": "Feature", "properties": {"kind": "building"}, "geometry": {"type": "Polygon", "coordinates": [[[79.153946, 12.9673438], [79.1540311, 12.9673595], [79.1540587, 12.9672171], [79.1539736, 12.9672014], [79.153946, 12.9673438]]]}}, {"type": "Feature", "properties": {"kind": "building"}, "geometry": {"type": "Polygon", "coordinates": [[[79.154113, 12.9673896], [79.1541784, 12.9674016], [79.1542096, 12.9672406], [79.1541442, 12.9672286], [79.154113, 12.9673896]]]}}, {"type": "Feature", "properties": {"kind": "building"}, "geometry": {"type": "Polygon", "coordinates": [[[79.1542599, 12.9674255], [79.1543445, 12.9674411], [79.1543759, 12.9672791], [79.1542912, 12.9672636], [79.1542599, 12.9674255]]]}}, {"type": "Feature", "properties": {"kind": "building"}, "geometry": {"type": "Polygon", "coordinates": [[[79.1541291, 12.9671504], [79.1542101, 12.9671653], [79.1542377, 12.9670223], [79.1541568, 12.9670075], [79.1541291, 12.9671504]]]}}, {"type": "Feature", "properties": {"kind": "building"}, "geometry": {"type": "Polygon", "coordinates": [[[79.154457, 12.9672334], [79.1545348, 12.9672477], [79.1545663, 12.9670851], [79.1544885, 12.9670708], [79.154457, 12.9672334]]]}}, {"type": "Feature", "properties": {"kind": "building"}, "geometry": {"type": "Polygon", "coordinates": [[[79.1544925, 12.9670361], [79.1545673, 12.9670498], [79.1545911, 12.9669269], [79.1545163, 12.9669132], [79.1544925, 12.9670361]]]}}, {"type": "Feature", "properties": {"kind": "building"}, "geometry": {"type": "Polygon", "coordinates": [[[79.1544342, 12.9668119], [79.1545077, 12.9668254], [79.1545355, 12.9666819], [79.154462, 12.9666684], [79.1544342, 12.9668119]]]}}, {"type": "Feature", "properties": {"kind": "building"}, "geometry": {"type": "Polygon", "coordinates": [[[79.1543658, 12.9667975], [79.1544239, 12.9668082], [79.154451, 12.9666682], [79.1543929, 12.9666575], [79.1543658, 12.9667975]]]}}, {"type": "Feature", "properties": {"kind": "building"}, "geometry": {"type": "Polygon", "coordinates": [[[79.15429, 12.9667812], [79.1543547, 12.9667931], [79.1543812, 12.9666557], [79.1543166, 12.9666439], [79.15429, 12.9667812]]]}}, {"type": "Feature", "properties": {"kind": "building"}, "geometry": {"type": "Polygon", "coordinates": [[[79.1542062, 12.9667701], [79.1542718, 12.9667821], [79.1543008, 12.9666322], [79.1542352, 12.9666202], [79.1542062, 12.9667701]]]}}, {"type": "Feature", "properties": {"kind": "building"}, "geometry": {"type": "Polygon", "coordinates": [[[79.1543088, 12.9666192], [79.1543872, 12.9666336], [79.1544181, 12.9664741], [79.1543397, 12.9664597], [79.1543088, 12.9666192]]]}}, {"type": "Feature", "properties": {"kind": "building"}, "geometry": {"type": "Polygon", "coordinates": [[[79.1550397, 12.9661742], [79.1551442, 12.9661703], [79.1551403, 12.9660696], [79.1550358, 12.9660735], [79.1550397, 12.9661742]]]}}, {"type": "Feature", "properties": {"kind": "building"}, "geometry": {"type": "Polygon", "coordinates": [[[79.154925, 12.9662513], [79.1550268, 12.9662475], [79.1550203, 12.9660794], [79.1549185, 12.9660832], [79.154925, 12.9662513]]]}}, {"type": "Feature", "properties": {"kind": "building"}, "geometry": {"type": "Polygon", "coordinates": [[[79.1547916, 12.9662584], [79.1548647, 12.9662557], [79.154858, 12.9660833], [79.1547849, 12.966086], [79.1547916, 12.9662584]]]}}, {"type": "Feature", "properties": {"kind": "building"}, "geometry": {"type": "Polygon", "coordinates": [[[79.1547051, 12.9662682], [79.1547833, 12.9662654], [79.1547766, 12.9660928], [79.1546984, 12.9660957], [79.1547051, 12.9662682]]]}}, {"type": "Feature", "properties": {"kind": "building"}, "geometry": {"type": "Polygon", "coordinates": [[[79.1545328, 12.9660356], [79.1546119, 12.9660487], [79.1546387, 12.9658945], [79.1545596, 12.9658814], [79.1545328, 12.9660356]]]}}, {"type": "Feature", "properties": {"kind": "building"}, "geometry": {"type": "Polygon", "coordinates": [[[79.1543061, 12.9659905], [79.1543848, 12.9660035], [79.1544134, 12.9658389], [79.1543348, 12.9658259], [79.1543061, 12.9659905]]]}}, {"type": "Feature", "properties": {"kind": "building"}, "geometry": {"type": "Polygon", "coordinates": [[[79.154512, 12.966265], [79.154595, 12.9662787], [79.1546212, 12.9661284], [79.1545381, 12.9661147], [79.154512, 12.966265]]]}}, {"type": "Feature", "properties": {"kind": "building"}, "geometry": {"type": "Polygon", "coordinates": [[[79.1543363, 12.9663924], [79.1544234, 12.9663992], [79.1544355, 12.9662519], [79.1543484, 12.9662451], [79.1543363, 12.9663924]]]}}, {"type": "Feature", "properties": {"kind": "building"}, "geometry": {"type": "Polygon", "coordinates": [[[79.1535008, 12.9666923], [79.1536484, 12.9667039], [79.1536537, 12.9666401], [79.153506, 12.9666285], [79.1535008, 12.9666923]]]}}, {"type": "Feature", "properties": {"kind": "building"}, "geometry": {"type": "Polygon", "coordinates": [[[79.1535115, 12.9666159], [79.1536561, 12.9666272], [79.1536617, 12.966559], [79.1535171, 12.9665477], [79.1535115, 12.9666159]]]}}, {"type": "Feature", "properties": {"kind": "building"}, "geometry": {"type": "Polygon", "coordinates": [[[79.153594, 12.96648], [79.1536774, 12.9664865], [79.1536899, 12.9663342], [79.1536065, 12.9663277], [79.153594, 12.96648]]]}}, {"type": "Feature", "properties": {"kind": "building"}, "geometry": {"type": "Polygon", "coordinates": [[[79.1535343, 12.9662944], [79.1536196, 12.966301], [79.1536323, 12.9661462], [79.1535471, 12.9661395], [79.1535343, 12.9662944]]]}}, {"type": "Feature", "properties": {"kind": "building"}, "geometry": {"type": "Polygon", "coordinates": [[[79.1525942, 12.9663199], [79.1527697, 12.9663221], [79.1527706, 12.9662532], [79.1525951, 12.966251], [79.1525942, 12.9663199]]]}}, {"type": "Feature", "properties": {"kind": "building"}, "geometry": {"type": "Polygon", "coordinates": [[[79.1518895, 12.9670426], [79.1519874, 12.9670438], [79.1519894, 12.9668903], [79.1518915, 12.9668891], [79.1518895, 12.9670426]]]}}, {"type": "Feature", "properties": {"kind": "building"}, "geometry": {"type": "Polygon", "coordinates": [[[79.1522697, 12.9668387], [79.1523398, 12.9668396], [79.1523414, 12.9667185], [79.1522713, 12.9667176], [79.1522697, 12.9668387]]]}}, {"type": "Feature", "properties": {"kind": "building"}, "geometry": {"type": "Polygon", "coordinates": [[[79.1524192, 12.9666852], [79.1525043, 12.9666862], [79.152507, 12.9664819], [79.1524219, 12.9664809], [79.1524192, 12.9666852]]]}}, {"type": "Feature", "properties": {"kind": "building"}, "geometry": {"type": "Polygon", "coordinates": [[[79.1520993, 12.9666976], [79.1522326, 12.9666992], [79.1522335, 12.9666361], [79.1521002, 12.9666345], [79.1520993, 12.9666976]]]}}, {"type": "Feature", "properties": {"kind": "building"}, "geometry": {"type": "Polygon", "coordinates": [[[79.1521114, 12.9666185], [79.1522366, 12.9666201], [79.1522375, 12.9665499], [79.1521123, 12.9665483], [79.1521114, 12.9666185]]]}}, {"type": "Feature", "properties": {"kind": "building"}, "geometry": {"type": "Polygon", "coordinates": [[[79.1519451, 12.9666152], [79.1520541, 12.9666166], [79.1520551, 12.9665394], [79.1519461, 12.9665381], [79.1519451, 12.9666152]]]}}, {"type": "Feature", "properties": {"kind": "building"}, "geometry": {"type": "Polygon", "coordinates": [[[79.151925, 12.9666812], [79.152047, 12.9666828], [79.1520477, 12.9666296], [79.1519257, 12.9666281], [79.151925, 12.9666812]]]}}, {"type": "Feature", "properties": {"kind": "building"}, "geometry": {"type": "Polygon", "coordinates": [[[79.1516534, 12.966542], [79.1517762, 12.9665436], [79.1517775, 12.9664453], [79.1516547, 12.9664438], [79.1516534, 12.966542]]]}}, {"type": "Feature", "properties": {"kind": "building"}, "geometry": {"type": "Polygon", "coordinates": [[[79.1517996, 12.9665257], [79.1519266, 12.9665273], [79.1519277, 12.966444], [79.1518007, 12.9664424], [79.1517996, 12.9665257]]]}}, {"type": "Feature", "properties": {"kind": "building"}, "geometry": {"type": "Polygon", "coordinates": [[[79.1520102, 12.9663721], [79.1521473, 12.9663739], [79.1521483, 12.9663003], [79.1520111, 12.9662986], [79.1520102, 12.9663721]]]}}, {"type": "Feature", "properties": {"kind": "building"}, "geometry": {"type": "Polygon", "coordinates": [[[79.1520128, 12.966282], [79.1521414, 12.9662836], [79.1521423, 12.9662179], [79.1520137, 12.9662163], [79.1520128, 12.966282]]]}}, {"type": "Feature", "properties": {"kind": "building"}, "geometry": {"type": "Polygon", "coordinates": [[[79.1520229, 12.9662016], [79.1521455, 12.9662031], [79.1521463, 12.9661421], [79.1520237, 12.9661406], [79.1520229, 12.9662016]]]}}, {"type": "Feature", "properties": {"kind": "building"}, "geometry": {"type": "Polygon", "coordinates": [[[79.1516595, 12.9662656], [79.1518141, 12.9662676], [79.151815, 12.9661951], [79.1516604, 12.9661931], [79.1516595, 12.9662656]]]}}, {"type": "Feature", "properties": {"kind": "building"}, "geometry": {"type": "Polygon", "coordinates": [[[79.1516467, 12.9661781], [79.1518162, 12.9661802], [79.151817, 12.966116], [79.1516476, 12.9661139], [79.1516467, 12.9661781]]]}}, {"type": "Feature", "properties": {"kind": "building"}, "geometry": {"type": "Polygon", "coordinates": [[[79.1516574, 12.9660912], [79.1518021, 12.966093], [79.151803, 12.966031], [79.1516583, 12.9660292], [79.1516574, 12.9660912]]]}}, {"type": "Feature", "properties": {"kind": "building"}, "geometry": {"type": "Polygon", "coordinates": [[[79.1518801, 12.9661134], [79.1520133, 12.966115], [79.1520142, 12.966048], [79.151881, 12.9660464], [79.1518801, 12.9661134]]]}}, {"type": "Feature", "properties": {"kind": "building"}, "geometry": {"type": "Polygon", "coordinates": [[[79.152033, 12.966118], [79.1521616, 12.9661196], [79.1521624, 12.9660572], [79.1520338, 12.9660556], [79.152033, 12.966118]]]}}, {"type": "Feature", "properties": {"kind": "building"}, "geometry": {"type": "Polygon", "coordinates": [[[79.1522294, 12.9660533], [79.1523593, 12.9660549], [79.1523602, 12.9659879], [79.1522303, 12.9659863], [79.1522294, 12.9660533]]]}}, {"type": "Feature", "properties": {"kind": "building"}, "geometry": {"type": "Polygon", "coordinates": [[[79.1522516, 12.9659677], [79.1523847, 12.9659693], [79.1523857, 12.9658945], [79.1522525, 12.9658928], [79.1522516, 12.9659677]]]}}, {"type": "Feature", "properties": {"kind": "building"}, "geometry": {"type": "Polygon", "coordinates": [[[79.1520403, 12.9659605], [79.1521707, 12.9659621], [79.1521718, 12.9658847], [79.1520414, 12.965883], [79.1520403, 12.9659605]]]}}, {"type": "Feature", "properties": {"kind": "building"}, "geometry": {"type": "Polygon", "coordinates": [[[79.1522509, 12.9658076], [79.1523927, 12.9658093], [79.1523937, 12.9657318], [79.1522519, 12.96573], [79.1522509, 12.9658076]]]}}, {"type": "Feature", "properties": {"kind": "building"}, "geometry": {"type": "Polygon", "coordinates": [[[79.1517057, 12.9657357], [79.1518549, 12.9657375], [79.1518573, 12.9655592], [79.1517081, 12.9655574], [79.1517057, 12.9657357]]]}}, {"type": "Feature", "properties": {"kind": "building"}, "geometry": {"type": "Polygon", "coordinates": [[[79.1517218, 12.9655436], [79.1518545, 12.9655452], [79.1518553, 12.9654867], [79.1517226, 12.9654851], [79.1517218, 12.9655436]]]}}, {"type": "Feature", "properties": {"kind": "building"}, "geometry": {"type": "Polygon", "coordinates": [[[79.1519304, 12.9655292], [79.152072, 12.965531], [79.1520732, 12.9654429], [79.1519315, 12.9654412], [79.1519304, 12.9655292]]]}}, {"type": "Feature", "properties": {"kind": "building"}, "geometry": {"type": "Polygon", "coordinates": [[[79.1519686, 12.9652685], [79.152112, 12.9652703], [79.1521134, 12.9651652], [79.15197, 12.9651634], [79.1519686, 12.9652685]]]}}, {"type": "Feature", "properties": {"kind": "building"}, "geometry": {"type": "Polygon", "coordinates": [[[79.1523112, 12.9651639], [79.1523917, 12.9651649], [79.152393, 12.96506], [79.1523126, 12.965059], [79.1523112, 12.9651639]]]}}, {"type": "Feature", "properties": {"kind": "building"}, "geometry": {"type": "Polygon", "coordinates": [[[79.1519827, 12.9650796], [79.1521231, 12.9650814], [79.1521242, 12.9649999], [79.1519837, 12.9649981], [79.1519827, 12.9650796]]]}}, {"type": "Feature", "properties": {"kind": "building"}, "geometry": {"type": "Polygon", "coordinates": [[[79.1521208, 12.9649398], [79.152264, 12.9649416], [79.152265, 12.9648646], [79.1521218, 12.9648628], [79.1521208, 12.9649398]]]}}, {"type": "Feature", "properties": {"kind": "building"}, "geometry": {"type": "Polygon", "coordinates": [[[79.1520229, 12.9646692], [79.1521243, 12.9646705], [79.1521268, 12.9644784], [79.1520254, 12.9644772], [79.1520229, 12.9646692]]]}}, {"type": "Feature", "properties": {"kind": "building"}, "geometry": {"type": "Polygon", "coordinates": [[[79.1544986, 12.9641569], [79.1545751, 12.9641579], [79.154577, 12.9640145], [79.1545005, 12.9640135], [79.1544986, 12.9641569]]]}}, {"type": "Feature", "properties": {"kind": "building"}, "geometry": {"type": "Polygon", "coordinates": [[[79.1545992, 12.9641341], [79.1546801, 12.9641351], [79.1546816, 12.9640145], [79.1546007, 12.9640135], [79.1545992, 12.9641341]]]}}, {"type": "Feature", "properties": {"kind": "building"}, "geometry": {"type": "Polygon", "coordinates": [[[79.1540265, 12.9638184], [79.1541612, 12.9638201], [79.154162, 12.9637603], [79.1540273, 12.9637586], [79.1540265, 12.9638184]]]}}, {"type": "Feature", "properties": {"kind": "building"}, "geometry": {"type": "Polygon", "coordinates": [[[79.1541827, 12.9638224], [79.154316, 12.963824], [79.1543169, 12.9637609], [79.1541836, 12.9637593], [79.1541827, 12.9638224]]]}}, {"type": "Feature", "properties": {"kind": "building"}, "geometry": {"type": "Polygon", "coordinates": [[[79.1541827, 12.963904], [79.1543166, 12.9639057], [79.1543175, 12.9638341], [79.1541837, 12.9638324], [79.1541827, 12.963904]]]}}, {"type": "Feature", "properties": {"kind": "building"}, "geometry": {"type": "Polygon", "coordinates": [[[79.1545509, 12.9639968], [79.1546981, 12.9639987], [79.1546991, 12.9639236], [79.1545519, 12.9639218], [79.1545509, 12.9639968]]]}}, {"type": "Feature", "properties": {"kind": "building"}, "geometry": {"type": "Polygon", "coordinates": [[[79.1545589, 12.9639014], [79.1546927, 12.9639031], [79.1546937, 12.9638237], [79.15456, 12.963822], [79.1545589, 12.9639014]]]}}, {"type": "Feature", "properties": {"kind": "building"}, "geometry": {"type": "Polygon", "coordinates": [[[79.1545536, 12.963806], [79.1546966, 12.9638078], [79.1546977, 12.963725], [79.1545547, 12.9637232], [79.1545536, 12.963806]]]}}, {"type": "Feature", "properties": {"kind": "building"}, "geometry": {"type": "Polygon", "coordinates": [[[79.1545636, 12.9637034], [79.1546746, 12.9637048], [79.1546756, 12.9636283], [79.1545646, 12.9636269], [79.1545636, 12.9637034]]]}}, {"type": "Feature", "properties": {"kind": "building"}, "geometry": {"type": "Polygon", "coordinates": [[[79.1545737, 12.9636146], [79.1547062, 12.9636162], [79.1547071, 12.9635427], [79.1545746, 12.963541], [79.1545737, 12.9636146]]]}}, {"type": "Feature", "properties": {"kind": "building"}, "geometry": {"type": "Polygon", "coordinates": [[[79.1545797, 12.9635309], [79.1547016, 12.9635324], [79.1547024, 12.9634721], [79.1545805, 12.9634706], [79.1545797, 12.9635309]]]}}, {"type": "Feature", "properties": {"kind": "building"}, "geometry": {"type": "Polygon", "coordinates": [[[79.1545743, 12.9634564], [79.1547313, 12.9634584], [79.1547321, 12.9633911], [79.1545752, 12.9633892], [79.1545743, 12.9634564]]]}}, {"type": "Feature", "properties": {"kind": "building"}, "geometry": {"type": "Polygon", "coordinates": [[[79.1544168, 12.9634466], [79.154553, 12.9634434], [79.1545516, 12.9633839], [79.1544153, 12.9633871], [79.1544168, 12.9634466]]]}}, {"type": "Feature", "properties": {"kind": "building"}, "geometry": {"type": "Polygon", "coordinates": [[[79.1544148, 12.9635283], [79.1545519, 12.9635251], [79.1545502, 12.9634571], [79.1544131, 12.9634603], [79.1544148, 12.9635283]]]}}, {"type": "Feature", "properties": {"kind": "building"}, "geometry": {"type": "Polygon", "coordinates": [[[79.1544228, 12.9636054], [79.1545458, 12.9636025], [79.1545442, 12.9635381], [79.1544212, 12.963541], [79.1544228, 12.9636054]]]}}, {"type": "Feature", "properties": {"kind": "building"}, "geometry": {"type": "Polygon", "coordinates": [[[79.1544054, 12.9637087], [79.1545341, 12.9637056], [79.1545321, 12.9636263], [79.1544034, 12.9636294], [79.1544054, 12.9637087]]]}}, {"type": "Feature", "properties": {"kind": "building"}, "geometry": {"type": "Polygon", "coordinates": [[[79.154402, 12.9637969], [79.1545246, 12.963794], [79.1545227, 12.9637191], [79.1544002, 12.963722], [79.154402, 12.9637969]]]}}, {"type": "Feature", "properties": {"kind": "building"}, "geometry": {"type": "Polygon", "coordinates": [[[79.154404, 12.963891], [79.1545399, 12.9638878], [79.1545381, 12.9638184], [79.1544023, 12.9638216], [79.154404, 12.963891]]]}}, {"type": "Feature", "properties": {"kind": "building"}, "geometry": {"type": "Polygon", "coordinates": [[[79.154406, 12.9639923], [79.1545407, 12.9639891], [79.1545388, 12.9639132], [79.1544041, 12.9639164], [79.154406, 12.9639923]]]}}, {"type": "Feature", "properties": {"kind": "building"}, "geometry": {"type": "Polygon", "coordinates": [[[79.1585125, 12.9652443], [79.1586521, 12.965241], [79.1586493, 12.9651286], [79.1585097, 12.9651319], [79.1585125, 12.9652443]]]}}, {"type": "Feature", "properties": {"kind": "building"}, "geometry": {"type": "Polygon", "coordinates": [[[79.1587378, 12.9652325], [79.1588789, 12.9652292], [79.1588766, 12.9651365], [79.1587355, 12.9651398], [79.1587378, 12.9652325]]]}}, {"type": "Feature", "properties": {"kind": "building"}, "geometry": {"type": "Polygon", "coordinates": [[[79.1588317, 12.9651142], [79.1588899, 12.9651129], [79.1588873, 12.9650103], [79.1588291, 12.9650117], [79.1588317, 12.9651142]]]}}, {"type": "Feature", "properties": {"kind": "building"}, "geometry": {"type": "Polygon", "coordinates": [[[79.1587371, 12.9651129], [79.1588187, 12.965111], [79.1588163, 12.9650123], [79.1587347, 12.9650142], [79.1587371, 12.9651129]]]}}, {"type": "Feature", "properties": {"kind": "building"}, "geometry": {"type": "Polygon", "coordinates": [[[79.1587365, 12.9649241], [79.1588692, 12.9649209], [79.1588666, 12.9648156], [79.1587338, 12.9648188], [79.1587365, 12.9649241]]]}}, {"type": "Feature", "properties": {"kind": "building"}, "geometry": {"type": "Polygon", "coordinates": [[[79.1588847, 12.9649149], [79.1589617, 12.9649131], [79.1589577, 12.9647535], [79.1588807, 12.9647554], [79.1588847, 12.9649149]]]}}, {"type": "Feature", "properties": {"kind": "building"}, "geometry": {"type": "Polygon", "coordinates": [[[79.1590885, 12.9647294], [79.1591869, 12.964727], [79.1591831, 12.9645732], [79.1590847, 12.9645755], [79.1590885, 12.9647294]]]}}, {"type": "Feature", "properties": {"kind": "building"}, "geometry": {"type": "Polygon", "coordinates": [[[79.1591978, 12.9647235], [79.1592921, 12.9647212], [79.1592883, 12.9645712], [79.1591941, 12.9645735], [79.1591978, 12.9647235]]]}}, {"type": "Feature", "properties": {"kind": "building"}, "geometry": {"type": "Polygon", "coordinates": [[[79.1593212, 12.9648901], [79.1594108, 12.964888], [79.159407, 12.9647379], [79.1593174, 12.96474], [79.1593212, 12.9648901]]]}}, {"type": "Feature", "properties": {"kind": "building"}, "geometry": {"type": "Polygon", "coordinates": [[[79.1594379, 12.9648842], [79.1595323, 12.964882], [79.1595284, 12.9647254], [79.159434, 12.9647277], [79.1594379, 12.9648842]]]}}, {"type": "Feature", "properties": {"kind": "building"}, "geometry": {"type": "Polygon", "coordinates": [[[79.1602526, 12.9666276], [79.160375, 12.9666248], [79.1603733, 12.9665571], [79.1602509, 12.96656], [79.1602526, 12.9666276]]]}}, {"type": "Feature", "properties": {"kind": "building"}, "geometry": {"type": "Polygon", "coordinates": [[[79.1606703, 12.9654828], [79.1608533, 12.9654785], [79.1608514, 12.9653998], [79.1606684, 12.9654041], [79.1606703, 12.9654828]]]}}, {"type": "Feature", "properties": {"kind": "building"}, "geometry": {"type": "Polygon", "coordinates": [[[79.160677, 12.9655684], [79.1608445, 12.9655644], [79.1608427, 12.9654906], [79.1606752, 12.9654946], [79.160677, 12.9655684]]]}}, {"type": "Feature", "properties": {"kind": "building"}, "geometry": {"type": "Polygon", "coordinates": [[[79.1607434, 12.9659075], [79.1608365, 12.9659053], [79.1608326, 12.9657501], [79.1607396, 12.9657523], [79.1607434, 12.9659075]]]}}, {"type": "Feature", "properties": {"kind": "building"}, "geometry": {"type": "Polygon", "coordinates": [[[79.1606402, 12.9658958], [79.1607261, 12.9658937], [79.1607226, 12.9657559], [79.1606367, 12.965758], [79.1606402, 12.9658958]]]}}, {"type": "Feature", "properties": {"kind": "building"}, "geometry": {"type": "Polygon", "coordinates": [[[79.1607267, 12.9661506], [79.1607995, 12.9661489], [79.1607951, 12.9659709], [79.1607222, 12.9659726], [79.1607267, 12.9661506]]]}}, {"type": "Feature", "properties": {"kind": "building"}, "geometry": {"type": "Polygon", "coordinates": [[[79.1604645, 12.9663793], [79.1605912, 12.9663763], [79.1605892, 12.9662977], [79.1604625, 12.9663007], [79.1604645, 12.9663793]]]}}, {"type": "Feature", "properties": {"kind": "building"}, "geometry": {"type": "Polygon", "coordinates": [[[79.1602352, 12.9664597], [79.1604012, 12.9664558], [79.1603974, 12.9663055], [79.1602314, 12.9663094], [79.1602352, 12.9664597]]]}}, {"type": "Feature", "properties": {"kind": "building"}, "geometry": {"type": "Polygon", "coordinates": [[[79.1597899, 12.9661545], [79.1599542, 12.9661506], [79.1599522, 12.9660702], [79.1597879, 12.9660741], [79.1597899, 12.9661545]]]}}, {"type": "Feature", "properties": {"kind": "building"}, "geometry": {"type": "Polygon", "coordinates": [[[79.1600273, 12.9661513], [79.1601929, 12.9661474], [79.1601891, 12.9659928], [79.1600234, 12.9659967], [79.1600273, 12.9661513]]]}}, {"type": "Feature", "properties": {"kind": "building"}, "geometry": {"type": "Polygon", "coordinates": [[[79.1601889, 12.9659703], [79.1603485, 12.9659657], [79.1603464, 12.9658976], [79.1601868, 12.9659021], [79.1601889, 12.9659703]]]}}, {"type": "Feature", "properties": {"kind": "building"}, "geometry": {"type": "Polygon", "coordinates": [[[79.1600186, 12.9659755], [79.1601815, 12.9659703], [79.1601792, 12.9659013], [79.1600162, 12.9659065], [79.1600186, 12.9659755]]]}}, {"type": "Feature", "properties": {"kind": "building"}, "geometry": {"type": "Polygon", "coordinates": [[[79.1601862, 12.9658906], [79.1603539, 12.965884], [79.1603505, 12.9658024], [79.1601829, 12.9658089], [79.1601862, 12.9658906]]]}}, {"type": "Feature", "properties": {"kind": "building"}, "geometry": {"type": "Polygon", "coordinates": [[[79.1600165, 12.9658984], [79.1601667, 12.9658951], [79.1601649, 12.9658148], [79.1600147, 12.9658181], [79.1600165, 12.9658984]]]}}, {"type": "Feature", "properties": {"kind": "building"}, "geometry": {"type": "Polygon", "coordinates": [[[79.1601741, 12.9655592], [79.1603284, 12.9655566], [79.1603264, 12.9654489], [79.1601722, 12.9654515], [79.1601741, 12.9655592]]]}}, {"type": "Feature", "properties": {"kind": "building"}, "geometry": {"type": "Polygon", "coordinates": [[[79.1601963, 12.9656932], [79.1603391, 12.9656919], [79.1603379, 12.9655669], [79.1601951, 12.9655682], [79.1601963, 12.9656932]]]}}, {"type": "Feature", "properties": {"kind": "building"}, "geometry": {"type": "Polygon", "coordinates": [[[79.1600266, 12.9656991], [79.1601775, 12.9656971], [79.1601763, 12.9656128], [79.1600255, 12.9656147], [79.1600266, 12.9656991]]]}}, {"type": "Feature", "properties": {"kind": "building"}, "geometry": {"type": "Polygon", "coordinates": [[[79.1596343, 12.9659349], [79.1597656, 12.9659324], [79.1597622, 12.9657697], [79.159631, 12.9657722], [79.1596343, 12.9659349]]]}}, {"type": "Feature", "properties": {"kind": "building"}, "geometry": {"type": "Polygon", "coordinates": [[[79.1597839, 12.9659911], [79.1599421, 12.9659872], [79.1599401, 12.9659094], [79.1597818, 12.9659133], [79.1597839, 12.9659911]]]}}, {"type": "Feature", "properties": {"kind": "building"}, "geometry": {"type": "Polygon", "coordinates": [[[79.1593252, 12.9658847], [79.1594171, 12.9658835], [79.1594157, 12.9657842], [79.1593239, 12.9657853], [79.1593252, 12.9658847]]]}}, {"type": "Feature", "properties": {"kind": "building"}, "geometry": {"type": "Polygon", "coordinates": [[[79.1590966, 12.9659696], [79.1591838, 12.9659693], [79.1591831, 12.9658046], [79.1590959, 12.9658049], [79.1590966, 12.9659696]]]}}, {"type": "Feature", "properties": {"kind": "building"}, "geometry": {"type": "Polygon", "coordinates": [[[79.1589859, 12.9659775], [79.1590859, 12.9659759], [79.1590832, 12.9658093], [79.1589832, 12.9658108], [79.1589859, 12.9659775]]]}}, {"type": "Feature", "properties": {"kind": "building"}, "geometry": {"type": "Polygon", "coordinates": [[[79.1591455, 12.9657285], [79.1592421, 12.9657257], [79.1592374, 12.9655702], [79.1591408, 12.965573], [79.1591455, 12.9657285]]]}}, {"type": "Feature", "properties": {"kind": "building"}, "geometry": {"type": "Polygon", "coordinates": [[[79.1590194, 12.9657448], [79.1591214, 12.9657437], [79.1591194, 12.9655757], [79.1590174, 12.9655769], [79.1590194, 12.9657448]]]}}, {"type": "Feature", "properties": {"kind": "building"}, "geometry": {"type": "Polygon", "coordinates": [[[79.1590168, 12.9655619], [79.1591239, 12.9655595], [79.1591205, 12.9654144], [79.1590134, 12.9654168], [79.1590168, 12.9655619]]]}}, {"type": "Feature", "properties": {"kind": "building"}, "geometry": {"type": "Polygon", "coordinates": [[[79.1594607, 12.9655462], [79.1595713, 12.9655449], [79.1595702, 12.965457], [79.1594596, 12.9654583], [79.1594607, 12.9655462]]]}}, {"type": "Feature", "properties": {"kind": "building"}, "geometry": {"type": "Polygon", "coordinates": [[[79.15946, 12.9654475], [79.1595606, 12.9654462], [79.1595596, 12.9653768], [79.159459, 12.9653781], [79.15946, 12.9654475]]]}}, {"type": "Feature", "properties": {"kind": "building"}, "geometry": {"type": "Polygon", "coordinates": [[[79.1595787, 12.9652162], [79.1596974, 12.9652136], [79.1596952, 12.9651207], [79.1595765, 12.9651233], [79.1595787, 12.9652162]]]}}, {"type": "Feature", "properties": {"kind": "building"}, "geometry": {"type": "Polygon", "coordinates": [[[79.15958, 12.9652887], [79.1596893, 12.9652854], [79.1596875, 12.9652264], [79.1595782, 12.9652297], [79.15958, 12.9652887]]]}}, {"type": "Feature", "properties": {"kind": "building"}, "geometry": {"type": "Polygon", "coordinates": [[[79.1598536, 12.964947], [79.1598592, 12.9650234], [79.1599719, 12.9650155], [79.1599663, 12.9649391], [79.1598536, 12.964947]]]}}, {"type": "Feature", "properties": {"kind": "building"}, "geometry": {"type": "Polygon", "coordinates": [[[79.1605356, 12.9650953], [79.1605322, 12.9648993], [79.1604251, 12.964901], [79.1604285, 12.965097], [79.1605356, 12.9650953]]]}}, {"type": "Feature", "properties": {"kind": "building"}, "geometry": {"type": "Polygon", "coordinates": [[[79.1604001, 12.9648267], [79.1605046, 12.9648276], [79.1605059, 12.9646734], [79.1604014, 12.9646725], [79.1604001, 12.9648267]]]}}, {"type": "Feature", "properties": {"kind": "building"}, "geometry": {"type": "Polygon", "coordinates": [[[79.1602043, 12.9648424], [79.1603023, 12.9648416], [79.160301, 12.9646776], [79.160203, 12.9646784], [79.1602043, 12.9648424]]]}}, {"type": "Feature", "properties": {"kind": "building"}, "geometry": {"type": "Polygon", "coordinates": [[[79.160091, 12.9648424], [79.1601909, 12.9648428], [79.1601915, 12.9646821], [79.1600917, 12.9646817], [79.160091, 12.9648424]]]}}, {"type": "Feature", "properties": {"kind": "building"}, "geometry": {"type": "Polygon", "coordinates": [[[79.1604082, 12.9646529], [79.1604994, 12.9646522], [79.1604981, 12.9644973], [79.1604068, 12.964498], [79.1604082, 12.9646529]]]}}, {"type": "Feature", "properties": {"kind": "building"}, "geometry": {"type": "Polygon", "coordinates": [[[79.1598496, 12.9646843], [79.1599436, 12.9646789], [79.1599342, 12.964524], [79.1598402, 12.9645294], [79.1598496, 12.9646843]]]}}, {"type": "Feature", "properties": {"kind": "building"}, "geometry": {"type": "Polygon", "coordinates": [[[79.1603854, 12.9644111], [79.1604945, 12.9644124], [79.1604966, 12.9642536], [79.1603874, 12.9642523], [79.1603854, 12.9644111]]]}}, {"type": "Feature", "properties": {"kind": "building"}, "geometry": {"type": "Polygon", "coordinates": [[[79.1601721, 12.9644242], [79.1602741, 12.9644233], [79.1602727, 12.964273], [79.1601708, 12.9642739], [79.1601721, 12.9644242]]]}}, {"type": "Feature", "properties": {"kind": "building"}, "geometry": {"type": "Polygon", "coordinates": [[[79.1599414, 12.9644098], [79.1600245, 12.9644086], [79.1600225, 12.9642766], [79.1599394, 12.9642778], [79.1599414, 12.9644098]]]}}, {"type": "Feature", "properties": {"kind": "building"}, "geometry": {"type": "Polygon", "coordinates": [[[79.1596129, 12.9642902], [79.1597236, 12.964288], [79.1597202, 12.9641324], [79.1596095, 12.9641347], [79.1596129, 12.9642902]]]}}, {"type": "Feature", "properties": {"kind": "building"}, "geometry": {"type": "Polygon", "coordinates": [[[79.159283, 12.9643909], [79.159397, 12.9643876], [79.1593948, 12.9643163], [79.1592808, 12.9643196], [79.159283, 12.9643909]]]}}, {"type": "Feature", "properties": {"kind": "building"}, "geometry": {"type": "Polygon", "coordinates": [[[79.159399, 12.964302], [79.1595009, 12.9642988], [79.1594955, 12.9641355], [79.1593936, 12.9641386], [79.159399, 12.964302]]]}}, {"type": "Feature", "properties": {"kind": "building"}, "geometry": {"type": "Polygon", "coordinates": [[[79.159175, 12.9643111], [79.1592771, 12.9643099], [79.1592751, 12.9641589], [79.159173, 12.9641602], [79.159175, 12.9643111]]]}}, {"type": "Feature", "properties": {"kind": "building"}, "geometry": {"type": "Polygon", "coordinates": [[[79.1584669, 12.9644203], [79.1586017, 12.964421], [79.1586024, 12.9643124], [79.1584675, 12.9643117], [79.1584669, 12.9644203]]]}}, {"type": "Feature", "properties": {"kind": "building"}, "geometry": {"type": "Polygon", "coordinates": [[[79.1589591, 12.964498], [79.1590554, 12.9644986], [79.1590563, 12.9643399], [79.15896, 12.9643394], [79.1589591, 12.964498]]]}}, {"type": "Feature", "properties": {"kind": "building"}, "geometry": {"type": "Polygon", "coordinates": [[[79.1587009, 12.9645104], [79.1588418, 12.9645112], [79.1588424, 12.9644013], [79.1587016, 12.9644005], [79.1587009, 12.9645104]]]}}, {"type": "Feature", "properties": {"kind": "building"}, "geometry": {"type": "Polygon", "coordinates": [[[79.1586647, 12.9641223], [79.1587528, 12.9641228], [79.1587539, 12.9639315], [79.1586658, 12.963931], [79.1586647, 12.9641223]]]}}, {"type": "Feature", "properties": {"kind": "building"}, "geometry": {"type": "Polygon", "coordinates": [[[79.1540553, 12.964683], [79.1541508, 12.9646846], [79.1541526, 12.9645817], [79.1540572, 12.9645801], [79.1540553, 12.964683]]]}}, {"type": "Feature", "properties": {"kind": "building"}, "geometry": {"type": "Polygon", "coordinates": [[[79.1541687, 12.9647287], [79.1542433, 12.96473], [79.1542458, 12.9645908], [79.1541711, 12.9645896], [79.1541687, 12.9647287]]]}}, {"type": "Feature", "properties": {"kind": "building"}, "geometry": {"type": "Polygon", "coordinates": [[[79.1545536, 12.9647287], [79.1546378, 12.9647301], [79.1546401, 12.9646026], [79.1545558, 12.9646012], [79.1545536, 12.9647287]]]}}, {"type": "Feature", "properties": {"kind": "building"}, "geometry": {"type": "Polygon", "coordinates": [[[79.1544536, 12.9647235], [79.1545373, 12.9647249], [79.1545395, 12.9646026], [79.1544558, 12.9646012], [79.1544536, 12.9647235]]]}}, {"type": "Feature", "properties": {"kind": "building"}, "geometry": {"type": "Polygon", "coordinates": [[[79.1543578, 12.9647241], [79.1544452, 12.9647256], [79.1544476, 12.9645908], [79.1543601, 12.9645894], [79.1543578, 12.9647241]]]}}, {"type": "Feature", "properties": {"kind": "building"}, "geometry": {"type": "Polygon", "coordinates": [[[79.1544054, 12.9645255], [79.1544715, 12.9645266], [79.1544738, 12.9643994], [79.1544076, 12.9643982], [79.1544054, 12.9645255]]]}}, {"type": "Feature", "properties": {"kind": "building"}, "geometry": {"type": "Polygon", "coordinates": [[[79.1543148, 12.9645065], [79.15439, 12.9645078], [79.154392, 12.9643948], [79.1543168, 12.9643935], [79.1543148, 12.9645065]]]}}, {"type": "Feature", "properties": {"kind": "building"}, "geometry": {"type": "Polygon", "coordinates": [[[79.1542357, 12.9645085], [79.1542993, 12.9645096], [79.1543014, 12.9643896], [79.1542378, 12.9643885], [79.1542357, 12.9645085]]]}}, {"type": "Feature", "properties": {"kind": "building"}, "geometry": {"type": "Polygon", "coordinates": [[[79.1541586, 12.9645222], [79.1542219, 12.9645233], [79.1542243, 12.9643889], [79.154161, 12.9643878], [79.1541586, 12.9645222]]]}}, {"type": "Feature", "properties": {"kind": "building"}, "geometry": {"type": "Polygon", "coordinates": [[[79.1540681, 12.9643621], [79.1541422, 12.9643634], [79.1541445, 12.9642347], [79.1540704, 12.9642334], [79.1540681, 12.9643621]]]}}, {"type": "Feature", "properties": {"kind": "building"}, "geometry": {"type": "Polygon", "coordinates": [[[79.1542418, 12.9643713], [79.1543127, 12.9643725], [79.1543148, 12.9642491], [79.1542439, 12.9642479], [79.1542418, 12.9643713]]]}}, {"type": "Feature", "properties": {"kind": "building"}, "geometry": {"type": "Polygon", "coordinates": [[[79.1543283, 12.9643765], [79.1544017, 12.9643777], [79.154404, 12.9642458], [79.1543306, 12.9642446], [79.1543283, 12.9643765]]]}}, {"type": "Feature", "properties": {"kind": "building"}, "geometry": {"type": "Polygon", "coordinates": [[[79.1545697, 12.9645307], [79.154645, 12.964532], [79.1546474, 12.9643922], [79.1545721, 12.9643909], [79.1545697, 12.9645307]]]}}, {"type": "Feature", "properties": {"kind": "building"}, "geometry": {"type": "Polygon", "coordinates": [[[79.154579, 12.9643758], [79.1546448, 12.9643769], [79.1546468, 12.9642661], [79.154581, 12.9642649], [79.154579, 12.9643758]]]}}, {"type": "Feature", "properties": {"kind": "building"}, "geometry": {"type": "Polygon", "coordinates": [[[79.1544899, 12.9643713], [79.1545694, 12.9643726], [79.1545717, 12.9642471], [79.1544921, 12.9642458], [79.1544899, 12.9643713]]]}}, {"type": "Feature", "properties": {"kind": "building"}, "geometry": {"type": "Polygon", "coordinates": [[[79.1549076, 12.9645418], [79.1550011, 12.9645434], [79.1550035, 12.9644072], [79.15491, 12.9644056], [79.1549076, 12.9645418]]]}}, {"type": "Feature", "properties": {"kind": "building"}, "geometry": {"type": "Polygon", "coordinates": [[[79.15474, 12.9645372], [79.1548141, 12.9645385], [79.1548164, 12.9644085], [79.1547423, 12.9644073], [79.15474, 12.9645372]]]}}, {"type": "Feature", "properties": {"kind": "building"}, "geometry": {"type": "Polygon", "coordinates": [[[79.1547514, 12.964385], [79.154815, 12.9643861], [79.1548171, 12.9642706], [79.1547534, 12.9642696], [79.1547514, 12.964385]]]}}, {"type": "Feature", "properties": {"kind": "building"}, "geometry": {"type": "Polygon", "coordinates": [[[79.1548332, 12.9643889], [79.1549021, 12.9643901], [79.1549043, 12.9642661], [79.1548354, 12.9642649], [79.1548332, 12.9643889]]]}}, {"type": "Feature", "properties": {"kind": "building"}, "geometry": {"type": "Polygon", "coordinates": [[[79.154913, 12.9643928], [79.1549965, 12.9643942], [79.1549988, 12.9642654], [79.1549153, 12.964264], [79.154913, 12.9643928]]]}}, {"type": "Feature", "properties": {"kind": "building"}, "geometry": {"type": "Polygon", "coordinates": [[[79.1532098, 12.9646228], [79.1533754, 12.9646256], [79.1533788, 12.9644333], [79.1532132, 12.9644306], [79.1532098, 12.9646228]]]}}, {"type": "Feature", "properties": {"kind": "building"}, "geometry": {"type": "Polygon", "coordinates": [[[79.1533352, 12.9650469], [79.1534158, 12.9650483], [79.1534197, 12.9648326], [79.153339, 12.9648312], [79.1533352, 12.9650469]]]}}, {"type": "Feature", "properties": {"kind": "building"}, "geometry": {"type": "Polygon", "coordinates": [[[79.1537442, 12.9647607], [79.1538888, 12.9647632], [79.1538904, 12.9646712], [79.1537458, 12.9646688], [79.1537442, 12.9647607]]]}}, {"type": "Feature", "properties": {"kind": "building"}, "geometry": {"type": "Polygon", "coordinates": [[[79.1537409, 12.9648757], [79.1538659, 12.9648778], [79.1538676, 12.9647823], [79.1537425, 12.9647802], [79.1537409, 12.9648757]]]}}, {"type": "Feature", "properties": {"kind": "building"}, "geometry": {"type": "Polygon", "coordinates": [[[79.1537335, 12.9649927], [79.153866, 12.9649949], [79.1538676, 12.9649032], [79.1537351, 12.964901], [79.1537335, 12.9649927]]]}}, {"type": "Feature", "properties": {"kind": "building"}, "geometry": {"type": "Polygon", "coordinates": [[[79.1537187, 12.9652221], [79.1538562, 12.9652244], [79.1538582, 12.9651136], [79.1537207, 12.9651113], [79.1537187, 12.9652221]]]}}, {"type": "Feature", "properties": {"kind": "building"}, "geometry": {"type": "Polygon", "coordinates": [[[79.1537113, 12.9655586], [79.1538093, 12.9655602], [79.1538133, 12.9653328], [79.1537154, 12.9653312], [79.1537113, 12.9655586]]]}}, {"type": "Feature", "properties": {"kind": "building"}, "geometry": {"type": "Polygon", "coordinates": [[[79.1526552, 12.9656429], [79.1527428, 12.965647], [79.1527491, 12.96552], [79.1526616, 12.9655159], [79.1526552, 12.9656429]]]}}, {"type": "Feature", "properties": {"kind": "building"}, "geometry": {"type": "Polygon", "coordinates": [[[79.1527538, 12.965656], [79.1528419, 12.9656601], [79.152849, 12.9655174], [79.1527609, 12.9655133], [79.1527538, 12.965656]]]}}, {"type": "Feature", "properties": {"kind": "building"}, "geometry": {"type": "Polygon", "coordinates": [[[79.1528705, 12.9654567], [79.1529774, 12.9654617], [79.1529831, 12.9653469], [79.1528762, 12.9653418], [79.1528705, 12.9654567]]]}}, {"type": "Feature", "properties": {"kind": "building"}, "geometry": {"type": "Polygon", "coordinates": [[[79.1537026, 12.965688], [79.1538151, 12.9656933], [79.15382, 12.9655952], [79.1537075, 12.9655899], [79.1537026, 12.965688]]]}}, {"type": "Feature", "properties": {"kind": "building"}, "geometry": {"type": "Polygon", "coordinates": [[[79.1535893, 12.9660833], [79.1537475, 12.9660908], [79.1537523, 12.9659958], [79.153594, 12.9659883], [79.1535893, 12.9660833]]]}}, {"type": "Feature", "properties": {"kind": "building"}, "geometry": {"type": "Polygon", "coordinates": [[[79.1530951, 12.9658611], [79.1531929, 12.9658658], [79.1532004, 12.9657161], [79.1531026, 12.9657115], [79.1530951, 12.9658611]]]}}, {"type": "Feature", "properties": {"kind": "building"}, "geometry": {"type": "Polygon", "coordinates": [[[79.1534378, 12.9658873], [79.1535133, 12.9658909], [79.1535209, 12.9657383], [79.1534454, 12.9657347], [79.1534378, 12.9658873]]]}}, {"type": "Feature", "properties": {"kind": "building"}, "geometry": {"type": "Polygon", "coordinates": [[[79.1532862, 12.9658755], [79.1533601, 12.965879], [79.153368, 12.9657193], [79.1532942, 12.9657159], [79.1532862, 12.9658755]]]}}, {"type": "Feature", "properties": {"kind": "building"}, "geometry": {"type": "Polygon", "coordinates": [[[79.1533278, 12.9660618], [79.1534157, 12.9660659], [79.1534237, 12.9659049], [79.1533358, 12.9659008], [79.1533278, 12.9660618]]]}}, {"type": "Feature", "properties": {"kind": "building"}, "geometry": {"type": "Polygon", "coordinates": [[[79.153187, 12.9660343], [79.153261, 12.9660378], [79.1532688, 12.9658814], [79.1531948, 12.9658779], [79.153187, 12.9660343]]]}}, {"type": "Feature", "properties": {"kind": "building"}, "geometry": {"type": "Polygon", "coordinates": [[[79.1533637, 12.9662813], [79.1534518, 12.9662855], [79.1534585, 12.9661509], [79.1533704, 12.9661467], [79.1533637, 12.9662813]]]}}, {"type": "Feature", "properties": {"kind": "building"}, "geometry": {"type": "Polygon", "coordinates": [[[79.153078, 12.9661794], [79.1531893, 12.966184], [79.153193, 12.966099], [79.1530817, 12.9660944], [79.153078, 12.9661794]]]}}, {"type": "Feature", "properties": {"kind": "building"}, "geometry": {"type": "Polygon", "coordinates": [[[79.1635073, 12.9669164], [79.163708, 12.9669049], [79.1636805, 12.9664527], [79.1633318, 12.9664729], [79.1633684, 12.9670738], [79.1635163, 12.9670653], [79.1635073, 12.9669164]]]}}, {"type": "Feature", "properties": {"kind": "building"}, "geometry": {"type": "Polygon", "coordinates": [[[79.1620423, 12.9668198], [79.1623105, 12.9667727], [79.1622851, 12.9666352], [79.1620169, 12.9666823], [79.1620423, 12.9668198]]]}}, {"type": "Feature", "properties": {"kind": "building"}, "geometry": {"type": "Polygon", "coordinates": [[[79.1604363, 12.968224], [79.1605563, 12.9682332], [79.16056, 12.9681881], [79.1604399, 12.9681789], [79.1604363, 12.968224]]]}}, {"type": "Feature", "properties": {"kind": "building"}, "geometry": {"type": "Polygon", "coordinates": [[[79.160447, 12.968158], [79.1606482, 12.9681704], [79.1606508, 12.9681312], [79.1604496, 12.9681188], [79.160447, 12.968158]]]}}, {"type": "Feature", "properties": {"kind": "building"}, "geometry": {"type": "Polygon", "coordinates": [[[79.1606496, 12.9681064], [79.1606905, 12.9677542], [79.1604167, 12.967724], [79.1603934, 12.9679245], [79.1604781, 12.9679338], [79.1604605, 12.9680856], [79.1606496, 12.9681064]]]}}, {"type": "Feature", "properties": {"kind": "building"}, "geometry": {"type": "Polygon", "coordinates": [[[79.156018, 12.9758503], [79.1562138, 12.9758345], [79.1561226, 12.9747603], [79.1559269, 12.9747761], [79.156018, 12.9758503]]]}}, {"type": "Feature", "properties": {"kind": "building"}, "geometry": {"type": "Polygon", "coordinates": [[[79.1600575, 12.9790547], [79.1603097, 12.9790102], [79.1601729, 12.9782744], [79.1599207, 12.978319], [79.1600575, 12.9790547]]]}}, {"type": "Feature", "properties": {"kind": "building"}, "geometry": {"type": "Polygon", "coordinates": [[[79.1589822, 12.9683349], [79.1593585, 12.9683272], [79.1593526, 12.9680429], [79.1589762, 12.9680505], [79.1589822, 12.9683349]]]}}, {"type": "Feature", "properties": {"kind": "building"}, "geometry": {"type": "Polygon", "coordinates": [[[79.159749, 12.9684096], [79.1597523, 12.9685682], [79.159942, 12.9685644], [79.1599435, 12.9686355], [79.1600804, 12.9686328], [79.1600756, 12.9684031], [79.159749, 12.9684096]]]}}, {"type": "Feature", "properties": {"kind": "building"}, "geometry": {"type": "Polygon", "coordinates": [[[79.1601446, 12.9686239], [79.1603123, 12.9686184], [79.1603029, 12.9683488], [79.1601352, 12.9683544], [79.1601446, 12.9686239]]]}}, {"type": "Feature", "properties": {"kind": "building"}, "geometry": {"type": "Polygon", "coordinates": [[[79.1595847, 12.9682724], [79.1597832, 12.9682658], [79.1597671, 12.9678064], [79.1595686, 12.967813], [79.1595847, 12.9682724]]]}}, {"type": "Feature", "properties": {"kind": "building"}, "geometry": {"type": "Polygon", "coordinates": [[[79.159295, 12.9677588], [79.1597362, 12.9676105], [79.1596772, 12.9674436], [79.159236, 12.9675919], [79.159295, 12.9677588]]]}}, {"type": "Feature", "properties": {"kind": "building"}, "geometry": {"type": "Polygon", "coordinates": [[[79.1575182, 12.9719008], [79.157601, 12.9718957], [79.1575809, 12.9715825], [79.1574981, 12.9715876], [79.1575182, 12.9719008]]]}}, {"type": "Feature", "properties": {"kind": "building"}, "geometry": {"type": "Polygon", "coordinates": [[[79.1502887, 12.9682588], [79.1502903, 12.96798], [79.1504869, 12.9679811], [79.1504852, 12.9682599], [79.1502887, 12.9682588]]]}}, {"type": "Feature", "properties": {"kind": "building"}, "geometry": {"type": "Polygon", "coordinates": [[[79.1540185, 12.968468], [79.1540196, 12.9682357], [79.1541469, 12.9682363], [79.1541458, 12.9684686], [79.1540185, 12.968468]]]}}, {"type": "Feature", "properties": {"kind": "building"}, "geometry": {"type": "Polygon", "coordinates": [[[79.1535584, 12.9682862], [79.1535565, 12.9681967], [79.1537918, 12.9681855], [79.1537804, 12.9682395], [79.1535584, 12.9682862]]]}}, {"type": "Feature", "properties": {"kind": "building"}, "geometry": {"type": "Polygon", "coordinates": [[[79.1530147, 12.9685087], [79.1530896, 12.9685076], [79.1530892, 12.9684778], [79.1531803, 12.9684765], [79.1531767, 12.9682298], [79.1530106, 12.9682321], [79.1530147, 12.9685087]]]}}, {"type": "Feature", "properties": {"kind": "building"}, "geometry": {"type": "Polygon", "coordinates": [[[79.1562096, 12.9678891], [79.1561989, 12.9678415], [79.1561297, 12.9678563], [79.156115, 12.9677909], [79.1562636, 12.9677593], [79.1562808, 12.9678358], [79.1562311, 12.9678464], [79.1562392, 12.9678828], [79.1562096, 12.9678891]]]}}, {"type": "Feature", "properties": {"kind": "building"}, "geometry": {"type": "Polygon", "coordinates": [[[79.1531113, 12.9678128], [79.153131, 12.9670542], [79.1533719, 12.9670602], [79.153352, 12.9678188], [79.1531113, 12.9678128]]]}}, {"type": "Feature", "properties": {"kind": "building"}, "geometry": {"type": "Polygon", "coordinates": [[[79.1540383, 12.9679816], [79.1540464, 12.9677301], [79.1542031, 12.9677349], [79.154195, 12.9679865], [79.1540383, 12.9679816]]]}}, {"type": "Feature", "properties": {"kind": "building"}, "geometry": {"type": "Polygon", "coordinates": [[[79.1537763, 12.9679557], [79.1537872, 12.9677052], [79.1539791, 12.9677131], [79.1539682, 12.9679636], [79.1537763, 12.9679557]]]}}, {"type": "Feature", "properties": {"kind": "building"}, "geometry": {"type": "Polygon", "coordinates": [[[79.15439, 12.9678216], [79.1544114, 12.9675647], [79.1546034, 12.9675799], [79.154582, 12.9678368], [79.15439, 12.9678216]]]}}, {"type": "Feature", "properties": {"kind": "building"}, "geometry": {"type": "Polygon", "coordinates": [[[79.155355, 12.9679798], [79.1553558, 12.9677982], [79.1554559, 12.9677986], [79.1554552, 12.9679802], [79.155355, 12.9679798]]]}}, {"type": "Feature", "properties": {"kind": "building"}, "geometry": {"type": "Polygon", "coordinates": [[[79.1584674, 12.9672297], [79.1585607, 12.9672179], [79.1585298, 12.9669874], [79.1584366, 12.9669992], [79.1584674, 12.9672297]]]}}, {"type": "Feature", "properties": {"kind": "building"}, "geometry": {"type": "Polygon", "coordinates": [[[79.1570422, 12.9746303], [79.1570268, 12.9745113], [79.157954, 12.9743973], [79.1579694, 12.9745165], [79.1570422, 12.9746303]]]}}, {"type": "Feature", "properties": {"kind": "building"}, "geometry": {"type": "Polygon", "coordinates": [[[79.1570226, 12.9755675], [79.1569849, 12.9753916], [79.1576384, 12.9752586], [79.1576745, 12.9754272], [79.1575855, 12.9754453], [79.1575647, 12.9753482], [79.1574201, 12.9753776], [79.1574421, 12.9754805], [79.1572597, 12.9755175], [79.1572385, 12.9754185], [79.1570935, 12.9754479], [79.1571151, 12.9755487], [79.1570226, 12.9755675]]]}}, {"type": "Feature", "properties": {"kind": "building"}, "geometry": {"type": "Polygon", "coordinates": [[[79.1675096, 12.9688908], [79.1672617, 12.9688998], [79.1672663, 12.9690228], [79.1675143, 12.9690139], [79.1675096, 12.9688908]]]}}, {"type": "Feature", "properties": {"kind": "building"}, "geometry": {"type": "Polygon", "coordinates": [[[79.163338, 12.9668194], [79.1633192, 12.9665503], [79.1631637, 12.9665606], [79.1631824, 12.9668296], [79.163338, 12.9668194]]]}}, {"type": "Feature", "properties": {"kind": "building"}, "geometry": {"type": "Polygon", "coordinates": [[[79.1607169, 12.9676337], [79.160711, 12.9676869], [79.160484, 12.9676633], [79.1604776, 12.9677214], [79.1607047, 12.967745], [79.1606505, 12.9682394], [79.1607662, 12.9682515], [79.1608326, 12.9676457], [79.1607169, 12.9676337]]]}}, {"type": "Feature", "properties": {"kind": "building"}, "geometry": {"type": "Polygon", "coordinates": [[[79.1560377, 12.9761608], [79.156033, 12.9761055], [79.1561091, 12.9760994], [79.1561053, 12.9760548], [79.1561659, 12.9760499], [79.1561695, 12.9760927], [79.1562519, 12.976086], [79.1562568, 12.9761432], [79.1560377, 12.9761608]]]}}, {"type": "Feature", "properties": {"kind": "building"}, "geometry": {"type": "Polygon", "coordinates": [[[79.1520901, 12.9686807], [79.1522297, 12.9687003], [79.1522806, 12.9683561], [79.152141, 12.9683365], [79.1520901, 12.9686807]]]}}, {"type": "Feature", "properties": {"kind": "building"}, "geometry": {"type": "Polygon", "coordinates": [[[79.158711, 12.9722907], [79.1586942, 12.9720263], [79.1588996, 12.972014], [79.1589152, 12.9722605], [79.1588372, 12.9722652], [79.1588383, 12.972283], [79.158711, 12.9722907]]]}}, {"type": "Feature", "properties": {"kind": "building"}, "geometry": {"type": "Polygon", "coordinates": [[[79.1561045, 12.9774835], [79.1560427, 12.9772561], [79.1556032, 12.9773694], [79.155665, 12.9775969], [79.1561045, 12.9774835]]]}}, {"type": "Feature", "properties": {"kind": "building"}, "geometry": {"type": "Polygon", "coordinates": [[[79.1647004, 12.973599], [79.1648595, 12.9735941], [79.1648571, 12.9735203], [79.1648476, 12.9732272], [79.1645755, 12.9732356], [79.1645851, 12.9735287], [79.1645861, 12.9735603], [79.1645607, 12.9735611], [79.164564, 12.9736638], [79.1645249, 12.973665], [79.1645271, 12.9737331], [79.1647046, 12.9737276], [79.1647004, 12.973599]]]}}, {"type": "Feature", "properties": {"kind": "building"}, "geometry": {"type": "Polygon", "coordinates": [[[79.1711848, 12.9633647], [79.1712151, 12.9633653], [79.171215, 12.963371], [79.1712643, 12.963372], [79.1712663, 12.9632768], [79.1711997, 12.9632755], [79.1711993, 12.9632944], [79.1711863, 12.9632941], [79.1711848, 12.9633647]]]}}, {"type": "Feature", "properties": {"kind": "building"}, "geometry": {"type": "Polygon", "coordinates": [[[79.1549723, 12.967977], [79.15509, 12.967986], [79.1551061, 12.967651], [79.1549793, 12.9676398], [79.1549723, 12.967977]]]}}, {"type": "Feature", "properties": {"kind": "building"}, "geometry": {"type": "Polygon", "coordinates": [[[79.1543391, 12.96864], [79.1544654, 12.9686484], [79.1544759, 12.9685], [79.1543495, 12.9684915], [79.1543391, 12.96864]]]}}, {"type": "Feature", "properties": {"kind": "building"}, "geometry": {"type": "Polygon", "coordinates": [[[79.1601506, 12.970917], [79.1601314, 12.9709142], [79.160123, 12.9709683], [79.1602439, 12.9709861], [79.1602523, 12.9709321], [79.1602322, 12.9709291], [79.1602712, 12.9706779], [79.1601896, 12.9706658], [79.1601506, 12.970917]]]}}, {"type": "Feature", "properties": {"kind": "building"}, "geometry": {"type": "Polygon", "coordinates": [[[79.1654869, 12.9749972], [79.1661201, 12.9750036], [79.1661248, 12.9745612], [79.1654916, 12.9745548], [79.1654869, 12.9749972]]]}}, {"type": "Feature", "properties": {"kind": "building"}, "geometry": {"type": "Polygon", "coordinates": [[[79.1654112, 12.9743828], [79.166022, 12.9743606], [79.1660051, 12.9739183], [79.1653943, 12.9739405], [79.1654112, 12.9743828]]]}}, {"type": "Feature", "properties": {"kind": "building"}, "geometry": {"type": "Polygon", "coordinates": [[[79.1650031, 12.9719949], [79.1651967, 12.9720448], [79.1652156, 12.9719752], [79.1651039, 12.9719464], [79.1650921, 12.97199], [79.1650101, 12.9719689], [79.1650031, 12.9719949]]]}}, {"type": "Feature", "properties": {"kind": "building"}, "geometry": {"type": "Polygon", "coordinates": [[[79.1653247, 12.9720699], [79.1654501, 12.9721034], [79.1654689, 12.9720367], [79.1653435, 12.9720032], [79.1653247, 12.9720699]]]}}, {"type": "Feature", "properties": {"kind": "building"}, "geometry": {"type": "Polygon", "coordinates": [[[79.1632807, 12.9667467], [79.1634237, 12.9667419], [79.1634212, 12.9666891], [79.163367, 12.9666818], [79.1633534, 12.966599], [79.1633941, 12.9665954], [79.1633768, 12.9665149], [79.1633658, 12.9664597], [79.1632265, 12.9664693], [79.1632807, 12.9667467]]]}}, {"type": "Feature", "properties": {"kind": "building"}, "geometry": {"type": "Polygon", "coordinates": [[[79.1584829, 12.9676199], [79.1585524, 12.9676001], [79.1585705, 12.9676], [79.1585708, 12.9676624], [79.1584951, 12.9676628], [79.1584831, 12.9676512], [79.1584829, 12.9676199]]]}}, {"type": "Feature", "properties": {"kind": "building"}, "geometry": {"type": "Polygon", "coordinates": [[[79.1579824, 12.9684678], [79.1580894, 12.9684665], [79.1580887, 12.9684137], [79.1579818, 12.968415], [79.1579824, 12.9684678]]]}}, {"type": "Feature", "properties": {"kind": "building"}, "geometry": {"type": "Polygon", "coordinates": [[[79.1643393, 12.970742], [79.1643928, 12.9706894], [79.1642644, 12.9705894], [79.1642452, 12.9706133], [79.1640435, 12.9704602], [79.164015, 12.9704958], [79.1643393, 12.970742]]]}}, {"type": "Feature", "properties": {"kind": "building"}, "geometry": {"type": "Polygon", "coordinates": [[[79.1635864, 12.9712658], [79.1635089, 12.9713627], [79.1636151, 12.9714432], [79.1636925, 12.9713464], [79.1635864, 12.9712658]]]}}, {"type": "Feature", "properties": {"kind": "building"}, "geometry": {"type": "Polygon", "coordinates": [[[79.1645582, 12.9716788], [79.1646785, 12.9717118], [79.1647321, 12.9715262], [79.1646119, 12.9714932], [79.1645582, 12.9716788]]]}}, {"type": "Feature", "properties": {"kind": "building"}, "geometry": {"type": "Polygon", "coordinates": [[[79.15325, 12.9695825], [79.1532359, 12.9696387], [79.1532789, 12.969649], [79.153281, 12.9696406], [79.1539574, 12.9697524], [79.1539635, 12.9696381], [79.1539861, 12.9695447], [79.1536573, 12.9694739], [79.1536953, 12.9693064], [79.1535403, 12.969273], [79.1535024, 12.9694406], [79.1533397, 12.9694055], [79.1533378, 12.9694115], [79.153301, 12.9694122], [79.1532923, 12.9694479], [79.1533048, 12.9694508], [79.1532654, 12.9695865], [79.15325, 12.9695825]]]}}, {"type": "Feature", "properties": {"kind": "building"}, "geometry": {"type": "Polygon", "coordinates": [[[79.1538113, 12.9698661], [79.1538712, 12.9698676], [79.1538739, 12.9697657], [79.1538139, 12.9697642], [79.1538113, 12.9698661]]]}}, {"type": "Feature", "properties": {"kind": "building"}, "geometry": {"type": "Polygon", "coordinates": [[[79.1537724, 12.9697727], [79.1537115, 12.9697704], [79.1537035, 12.9699703], [79.1537643, 12.9699727], [79.1537724, 12.9697727]]]}}, {"type": "Feature", "properties": {"kind": "building"}, "geometry": {"type": "Polygon", "coordinates": [[[79.1534794, 12.9698911], [79.1535218, 12.9698913], [79.1535214, 12.9699713], [79.1536457, 12.9699718], [79.153646, 12.9698917], [79.1536649, 12.9698918], [79.1536651, 12.9698499], [79.1536462, 12.9698498], [79.1536465, 12.9697697], [79.1535222, 12.9697693], [79.1535219, 12.9698493], [79.1534796, 12.9698492], [79.1534797, 12.9698042], [79.1534103, 12.9698039], [79.1534101, 12.9698489], [79.1533649, 12.9698487], [79.1533653, 12.9697257], [79.1531833, 12.969725], [79.1531823, 12.9699798], [79.1533643, 12.9699805], [79.1533647, 12.9698907], [79.15341, 12.9698909], [79.1534099, 12.9698974], [79.1534794, 12.9698977], [79.1534794, 12.9698911]]]}}, {"type": "Feature", "properties": {"kind": "building"}, "geometry": {"type": "Polygon", "coordinates": [[[79.1525942, 12.9703216], [79.152593, 12.9703498], [79.1525741, 12.970349], [79.1525725, 12.970385], [79.1524483, 12.97038], [79.152445, 12.9704571], [79.152554, 12.9704614], [79.1525527, 12.9704914], [79.1526141, 12.9704938], [79.1526103, 12.9705828], [79.1527109, 12.9705868], [79.1527143, 12.9705067], [79.1528507, 12.9705121], [79.1528562, 12.9703798], [79.152739, 12.9703751], [79.1527411, 12.9703275], [79.1525942, 12.9703216]]]}}, {"type": "Feature", "properties": {"kind": "building"}, "geometry": {"type": "Polygon", "coordinates": [[[79.1523004, 12.9703341], [79.152304, 12.9702648], [79.1523674, 12.9702333], [79.1524271, 12.970271], [79.1524235, 12.9703403], [79.1523601, 12.9703718], [79.1523004, 12.9703341]]]}}, {"type": "Feature", "properties": {"kind": "building"}, "geometry": {"type": "Polygon", "coordinates": [[[79.1521342, 12.9703824], [79.1520074, 12.9703863], [79.1520141, 12.970594], [79.1521409, 12.9705902], [79.1521342, 12.9703824]]]}}, {"type": "Feature", "properties": {"kind": "building"}, "geometry": {"type": "Polygon", "coordinates": [[[79.1499267, 12.9702888], [79.1497828, 12.9702864], [79.1497954, 12.9695621], [79.1499394, 12.9695645], [79.1499267, 12.9702888]]]}}, {"type": "Feature", "properties": {"kind": "building"}, "geometry": {"type": "Polygon", "coordinates": [[[79.1505405, 12.9704135], [79.1505421, 12.9702763], [79.1508087, 12.9702794], [79.1508071, 12.9704165], [79.1505405, 12.9704135]]]}}, {"type": "Feature", "properties": {"kind": "building"}, "geometry": {"type": "Polygon", "coordinates": [[[79.1500068, 12.9706595], [79.1500029, 12.9705983], [79.1501201, 12.970591], [79.1501241, 12.9706523], [79.1500068, 12.9706595]]]}}, {"type": "Feature", "properties": {"kind": "building"}, "geometry": {"type": "Polygon", "coordinates": [[[79.1505421, 12.9702763], [79.1505433, 12.9701361], [79.1508109, 12.97014], [79.1508087, 12.9702794], [79.1505421, 12.9702763]]]}}, {"type": "Feature", "properties": {"kind": "building"}, "geometry": {"type": "Polygon", "coordinates": [[[79.1642583, 12.9745532], [79.164176, 12.9746376], [79.1641877, 12.974882], [79.1642244, 12.9748798], [79.1642133, 12.9746489], [79.1642604, 12.9746007], [79.1642629, 12.9746555], [79.1644402, 12.974648], [79.1643756, 12.9731932], [79.1642618, 12.973198], [79.1642603, 12.9731629], [79.1642116, 12.9731649], [79.1642034, 12.9729813], [79.1641699, 12.9729778], [79.1641837, 12.9732877], [79.1642027, 12.9733012], [79.1642096, 12.9734568], [79.1641863, 12.9734577], [79.1642281, 12.9743995], [79.1642514, 12.9743985], [79.1642583, 12.9745532]]]}}, {"type": "Feature", "properties": {"kind": "building"}, "geometry": {"type": "Polygon", "coordinates": [[[79.1645428, 12.9729654], [79.1646337, 12.9729776], [79.1646434, 12.9729092], [79.1645524, 12.972897], [79.1645428, 12.9729654]]]}}, {"type": "Feature", "properties": {"kind": "building"}, "geometry": {"type": "Polygon", "coordinates": [[[79.1646434, 12.9728955], [79.1646742, 12.9726772], [79.1645937, 12.9726664], [79.1645629, 12.9728847], [79.1646434, 12.9728955]]]}}, {"type": "Feature", "properties": {"kind": "building"}, "geometry": {"type": "Polygon", "coordinates": [[[79.1637853, 12.9745183], [79.1637871, 12.9746414], [79.1639192, 12.9746395], [79.1639628, 12.9745984], [79.1639615, 12.9745158], [79.1637853, 12.9745183]]]}}, {"type": "Feature", "properties": {"kind": "building"}, "geometry": {"type": "Polygon", "coordinates": [[[79.1593574, 12.9718121], [79.1593641, 12.9719232], [79.1594263, 12.9719196], [79.1594196, 12.9718085], [79.1593574, 12.9718121]]]}}, {"type": "Feature", "properties": {"kind": "building"}, "geometry": {"type": "Polygon", "coordinates": [[[79.1585018, 12.9721493], [79.1585165, 12.9724185], [79.1585873, 12.9724148], [79.1585725, 12.9721456], [79.1585018, 12.9721493]]]}}, {"type": "Feature", "properties": {"kind": "building"}, "geometry": {"type": "Polygon", "coordinates": [[[79.1589995, 12.9726991], [79.1590273, 12.972673], [79.159066, 12.9726737], [79.1590928, 12.9727008], [79.1590921, 12.9727385], [79.1590643, 12.9727647], [79.1590256, 12.9727639], [79.1589988, 12.9727368], [79.1589995, 12.9726991]]]}}, {"type": "Feature", "properties": {"kind": "building"}, "geometry": {"type": "Polygon", "coordinates": [[[79.1588263, 12.9725217], [79.1589419, 12.9725256], [79.1589453, 12.9724301], [79.1588297, 12.9724263], [79.1588263, 12.9725217]]]}}, {"type": "Feature", "properties": {"kind": "building"}, "geometry": {"type": "Polygon", "coordinates": [[[79.1582644, 12.9706348], [79.1582517, 12.9698539], [79.1582561, 12.9698369], [79.1582687, 12.9698243], [79.158286, 12.9698195], [79.1585808, 12.9698156], [79.1585803, 12.9697828], [79.1582748, 12.9697868], [79.1582491, 12.9697922], [79.1582275, 12.9698067], [79.1582132, 12.9698282], [79.1582084, 12.9698533], [79.1582188, 12.9706022], [79.1583356, 12.9709031], [79.1583271, 12.970961], [79.1583548, 12.9709649], [79.1583646, 12.9708982], [79.1582644, 12.9706348]]]}}, {"type": "Feature", "properties": {"kind": "building"}, "geometry": {"type": "Polygon", "coordinates": [[[79.1616668, 12.9737018], [79.1616552, 12.9737775], [79.1617191, 12.9737868], [79.1617307, 12.9737111], [79.1616668, 12.9737018]]]}}, {"type": "Feature", "properties": {"kind": "building"}, "geometry": {"type": "Polygon", "coordinates": [[[79.1617741, 12.9738286], [79.1618626, 12.9738415], [79.1618894, 12.9736664], [79.1618009, 12.9736535], [79.1617741, 12.9738286]]]}}, {"type": "Feature", "properties": {"kind": "building"}, "geometry": {"type": "Polygon", "coordinates": [[[79.1641706, 12.9754204], [79.1641776, 12.9755356], [79.1645277, 12.9755154], [79.1645207, 12.9754001], [79.1641706, 12.9754204]]]}}, {"type": "Feature", "properties": {"kind": "building"}, "geometry": {"type": "Polygon", "coordinates": [[[79.1638097, 12.9744541], [79.1638105, 12.9745117], [79.1638952, 12.9745104], [79.1638944, 12.9744528], [79.1638641, 12.9744533], [79.1638613, 12.9742644], [79.1638181, 12.9742651], [79.1638209, 12.9744539], [79.1638097, 12.9744541]]]}}, {"type": "Feature", "properties": {"kind": "building"}, "geometry": {"type": "Polygon", "coordinates": [[[79.164876, 12.9727495], [79.1648714, 12.9727945], [79.1650062, 12.9728075], [79.1650108, 12.9727625], [79.164876, 12.9727495]]]}}, {"type": "Feature", "properties": {"kind": "building"}, "geometry": {"type": "Polygon", "coordinates": [[[79.1651181, 12.9728288], [79.1652522, 12.9728432], [79.1652571, 12.9728003], [79.165123, 12.972786], [79.1651181, 12.9728288]]]}}, {"type": "Feature", "properties": {"kind": "building"}, "geometry": {"type": "Polygon", "coordinates": [[[79.166193, 12.9706934], [79.1663714, 12.9706202], [79.1665377, 12.9707326], [79.1665167, 12.9709074], [79.166518, 12.97091], [79.166715, 12.9708269], [79.1666517, 12.9706843], [79.1668323, 12.9706081], [79.1669664, 12.97091], [79.1667858, 12.9709861], [79.1667385, 12.9708798], [79.1665445, 12.9709616], [79.1665469, 12.9709662], [79.1666033, 12.9709471], [79.1667077, 12.971023], [79.1667462, 12.9709731], [79.1668756, 12.9710678], [79.1668575, 12.9712129], [79.1667747, 12.9712465], [79.1668392, 12.9712919], [79.1668149, 12.9714914], [79.1668895, 12.9716569], [79.1668054, 12.9722648], [79.1666504, 12.9723312], [79.1665335, 12.9722259], [79.1665539, 12.9720907], [79.1664523, 12.9719992], [79.1664598, 12.9719493], [79.166468, 12.9718944], [79.1665914, 12.9718416], [79.1666361, 12.9714899], [79.1665239, 12.9714109], [79.1665375, 12.9712614], [79.1664385, 12.9711997], [79.1662795, 12.9712678], [79.1661443, 12.9711686], [79.1660506, 12.9711995], [79.1660269, 12.9713478], [79.1659001, 12.9713976], [79.1658688, 12.971603], [79.1659713, 12.9716883], [79.1659624, 12.9717468], [79.1659554, 12.9717931], [79.165831, 12.9718521], [79.1658104, 12.9719873], [79.1656673, 12.9720552], [79.1655385, 12.971948], [79.1655733, 12.9717193], [79.1656071, 12.971497], [79.1657238, 12.9713639], [79.1657502, 12.9711585], [79.1658173, 12.9711321], [79.1657459, 12.9710791], [79.1657659, 12.9709343], [79.1659157, 12.9708745], [79.1659392, 12.9709303], [79.1660643, 12.970879], [79.1661322, 12.970922], [79.1661355, 12.9709179], [79.1659424, 12.970772], [79.1658589, 12.9708769], [79.1657034, 12.9707594], [79.1659102, 12.9704994], [79.1660657, 12.9706169], [79.1659781, 12.9707271], [79.1661704, 12.9708725], [79.1661718, 12.9708708], [79.166193, 12.9706934]]]}}, {"type": "Feature", "properties": {"kind": "building"}, "geometry": {"type": "Polygon", "coordinates": [[[79.1638876, 12.9729321], [79.1639283, 12.9729362], [79.1639325, 12.9728969], [79.1638919, 12.9728927], [79.1638876, 12.9729321]]]}}, {"type": "Feature", "properties": {"kind": "building"}, "geometry": {"type": "Polygon", "coordinates": [[[79.1645066, 12.9733144], [79.1645634, 12.9733126], [79.1645613, 12.9732487], [79.1645045, 12.9732505], [79.1645066, 12.9733144]]]}}, {"type": "Feature", "properties": {"kind": "building"}, "geometry": {"type": "Polygon", "coordinates": [[[79.1645354, 12.9731164], [79.1645995, 12.9731229], [79.1646108, 12.9730175], [79.1645467, 12.973011], [79.1645354, 12.9731164]]]}}, {"type": "Feature", "properties": {"kind": "building"}, "geometry": {"type": "Polygon", "coordinates": [[[79.1670995, 12.9707341], [79.1672526, 12.9707287], [79.16726, 12.9709281], [79.1671068, 12.9709335], [79.1670995, 12.9707341]]]}}, {"type": "Feature", "properties": {"kind": "building"}, "geometry": {"type": "Polygon", "coordinates": [[[79.1671077, 12.9709533], [79.1671133, 12.9710849], [79.1671257, 12.9710844], [79.1671499, 12.9716454], [79.1673272, 12.9716381], [79.1673247, 12.9715825], [79.1672851, 12.9715842], [79.1672661, 12.9711564], [79.1672779, 12.9711558], [79.1672757, 12.9711101], [79.1672619, 12.9711107], [79.1672538, 12.9709465], [79.1671077, 12.9709533]]]}}, {"type": "Feature", "properties": {"kind": "building"}, "geometry": {"type": "Polygon", "coordinates": [[[79.1605349, 12.974103], [79.1605476, 12.9742054], [79.1609745, 12.974155], [79.1610022, 12.9743788], [79.1610116, 12.9743777], [79.161031, 12.9745339], [79.1611379, 12.9745213], [79.1611281, 12.9744422], [79.1611453, 12.9744402], [79.1611365, 12.9743695], [79.1611193, 12.9743716], [79.161078, 12.974039], [79.1608328, 12.9740679], [79.1608256, 12.97401], [79.1607333, 12.9740209], [79.1607405, 12.9740788], [79.1605349, 12.974103]]]}}, {"type": "Feature", "properties": {"kind": "building"}, "geometry": {"type": "Polygon", "coordinates": [[[79.1606516, 12.9724786], [79.1607032, 12.9724786], [79.1607032, 12.9724499], [79.1606791, 12.9724257], [79.1606516, 12.9724257], [79.1606516, 12.9724786]]]}}, {"type": "Feature", "properties": {"kind": "building"}, "geometry": {"type": "Polygon", "coordinates": [[[79.1608413, 12.9723832], [79.1608353, 12.9724371], [79.1609681, 12.9724512], [79.1609741, 12.9723973], [79.1608413, 12.9723832]]]}}, {"type": "Feature", "properties": {"kind": "building"}, "geometry": {"type": "Polygon", "coordinates": [[[79.1607508, 12.9721963], [79.1608354, 12.972199], [79.1608407, 12.9720356], [79.1607562, 12.972033], [79.1607508, 12.9721963]]]}}, {"type": "Feature", "properties": {"kind": "building"}, "geometry": {"type": "Polygon", "coordinates": [[[79.1608407, 12.9723375], [79.1609185, 12.9723457], [79.1609144, 12.9723824], [79.1609478, 12.972386], [79.1609866, 12.9720387], [79.1608754, 12.9720269], [79.1608407, 12.9723375]]]}}, {"type": "Feature", "properties": {"kind": "building"}, "geometry": {"type": "Polygon", "coordinates": [[[79.1562457, 12.9750449], [79.1562329, 12.9748924], [79.1563042, 12.9748867], [79.156317, 12.9750392], [79.1562457, 12.9750449]]]}}, {"type": "Feature", "properties": {"kind": "building"}, "geometry": {"type": "Polygon", "coordinates": [[[79.1642719, 12.9710741], [79.1643151, 12.9711088], [79.1643759, 12.9711577], [79.1644264, 12.9710981], [79.1644671, 12.9709181], [79.1644295, 12.9708878], [79.1643371, 12.970997], [79.1642719, 12.9710741]]]}}, {"type": "Feature", "properties": {"kind": "building"}, "geometry": {"type": "Polygon", "coordinates": [[[79.1633556, 12.9710988], [79.1633999, 12.9710411], [79.1633407, 12.9709979], [79.1632963, 12.9710556], [79.1633556, 12.9710988]]]}}, {"type": "Feature", "properties": {"kind": "building"}, "geometry": {"type": "Polygon", "coordinates": [[[79.1632023, 12.971407], [79.1632734, 12.9714305], [79.1632861, 12.971394], [79.1632151, 12.9713704], [79.1632023, 12.971407]]]}}, {"type": "Feature", "properties": {"kind": "building"}, "geometry": {"type": "Polygon", "coordinates": [[[79.1632504, 12.97128], [79.1632154, 12.9713602], [79.1633042, 12.971397], [79.1633391, 12.9713168], [79.1632504, 12.97128]]]}}, {"type": "Feature", "properties": {"kind": "building"}, "geometry": {"type": "Polygon", "coordinates": [[[79.1632318, 12.9714919], [79.163237, 12.9714687], [79.1631899, 12.9714589], [79.1631848, 12.9714821], [79.1632318, 12.9714919]]]}}, {"type": "Feature", "properties": {"kind": "building"}, "geometry": {"type": "Polygon", "coordinates": [[[79.1616306, 12.9712554], [79.1616908, 12.9712596], [79.1616969, 12.9711779], [79.1616366, 12.9711737], [79.1616306, 12.9712554]]]}}, {"type": "Feature", "properties": {"kind": "building"}, "geometry": {"type": "Polygon", "coordinates": [[[79.1616822, 12.9709149], [79.1616467, 12.9711358], [79.1617179, 12.9711467], [79.1617534, 12.9709258], [79.1616822, 12.9709149]]]}}, {"type": "Feature", "properties": {"kind": "building"}, "geometry": {"type": "Polygon", "coordinates": [[[79.1616708, 12.970859], [79.1617536, 12.9708718], [79.1617741, 12.9707462], [79.1616913, 12.9707333], [79.1616744, 12.9708371], [79.1616708, 12.970859]]]}}, {"type": "Feature", "properties": {"kind": "building"}, "geometry": {"type": "Polygon", "coordinates": [[[79.1623434, 12.9711894], [79.162272, 12.9711819], [79.1622642, 12.9712514], [79.1623357, 12.971259], [79.1623434, 12.9711894]]]}}, {"type": "Feature", "properties": {"kind": "building"}, "geometry": {"type": "Polygon", "coordinates": [[[79.1624292, 12.9712325], [79.1624372, 12.97116], [79.1623628, 12.9711521], [79.1623548, 12.9712247], [79.1624292, 12.9712325]]]}}, {"type": "Feature", "properties": {"kind": "building"}, "geometry": {"type": "Polygon", "coordinates": [[[79.1624332, 12.9712763], [79.1625114, 12.9712838], [79.1625191, 12.9712076], [79.1624409, 12.9712001], [79.1624332, 12.9712763]]]}}, {"type": "Feature", "properties": {"kind": "building"}, "geometry": {"type": "Polygon", "coordinates": [[[79.1625519, 12.9704516], [79.1625557, 12.9705244], [79.1627514, 12.9705147], [79.1627476, 12.970442], [79.1625519, 12.9704516]]]}}, {"type": "Feature", "properties": {"kind": "building"}, "geometry": {"type": "Polygon", "coordinates": [[[79.1631983, 12.9707627], [79.1632493, 12.970449], [79.1631302, 12.9704306], [79.1629435, 12.9704399], [79.1629472, 12.9705105], [79.1630098, 12.9705074], [79.1630106, 12.9705227], [79.1631161, 12.9705175], [79.1630793, 12.9707443], [79.1631983, 12.9707627]]]}}, {"type": "Feature", "properties": {"kind": "building"}, "geometry": {"type": "Polygon", "coordinates": [[[79.161053, 12.9726863], [79.1610619, 12.972626], [79.1613632, 12.9726686], [79.1613542, 12.9727289], [79.161053, 12.9726863]]]}}, {"type": "Feature", "properties": {"kind": "building"}, "geometry": {"type": "Polygon", "coordinates": [[[79.1603285, 12.9711568], [79.1606284, 12.9711995], [79.1606298, 12.971191], [79.1609178, 12.9712351], [79.1609111, 12.9712887], [79.1603297, 12.9711933], [79.1603285, 12.9711568]]]}}, {"type": "Feature", "properties": {"kind": "building"}, "geometry": {"type": "Polygon", "coordinates": [[[79.1611088, 12.9713142], [79.1611129, 12.9712462], [79.1609793, 12.9712371], [79.1609754, 12.9712906], [79.1609969, 12.9713057], [79.1611088, 12.9713142]]]}}, {"type": "Feature", "properties": {"kind": "building"}, "geometry": {"type": "Polygon", "coordinates": [[[79.161797, 12.9713468], [79.1614424, 12.9713568], [79.161012, 12.9713087], [79.1610083, 12.9713403], [79.1614433, 12.9713889], [79.1617593, 12.9713808], [79.1622616, 12.9714736], [79.1622693, 12.9714341], [79.161797, 12.9713468]]]}}, {"type": "Feature", "properties": {"kind": "building"}, "geometry": {"type": "Polygon", "coordinates": [[[79.1601406, 12.9712031], [79.1608769, 12.9713181], [79.1608817, 12.9712885], [79.1601455, 12.9711735], [79.1601406, 12.9712031]]]}}, {"type": "Feature", "properties": {"kind": "building"}, "geometry": {"type": "Polygon", "coordinates": [[[79.1602734, 12.9704706], [79.1602852, 12.9703937], [79.1602258, 12.970385], [79.1602139, 12.9704619], [79.1602734, 12.9704706]]]}}, {"type": "Feature", "properties": {"kind": "building"}, "geometry": {"type": "Polygon", "coordinates": [[[79.160205, 12.9704634], [79.1601753, 12.9706561], [79.1602177, 12.9706623], [79.1602474, 12.9704696], [79.160205, 12.9704634]]]}}, {"type": "Feature", "properties": {"kind": "building"}, "geometry": {"type": "Polygon", "coordinates": [[[79.1573236, 12.9695257], [79.1572841, 12.9695257], [79.1572841, 12.9695819], [79.1573236, 12.9695819], [79.1573236, 12.9695257]]]}}, {"type": "Feature", "properties": {"kind": "building"}, "geometry": {"type": "Polygon", "coordinates": [[[79.1581615, 12.9692617], [79.1581356, 12.9692477], [79.1581108, 12.9692913], [79.1581367, 12.9693053], [79.1581615, 12.9692617]]]}}, {"type": "Feature", "properties": {"kind": "building"}, "geometry": {"type": "Polygon", "coordinates": [[[79.1580485, 12.9694218], [79.158083, 12.9694405], [79.1581102, 12.9693927], [79.1580756, 12.9693741], [79.1580485, 12.9694218]]]}}, {"type": "Feature", "properties": {"kind": "building"}, "geometry": {"type": "Polygon", "coordinates": [[[79.1554915, 12.9701072], [79.1554905, 12.9697859], [79.1558574, 12.9697848], [79.1558585, 12.970106], [79.1554915, 12.9701072]]]}}, {"type": "Feature", "properties": {"kind": "building"}, "geometry": {"type": "Polygon", "coordinates": [[[79.158082, 12.9695538], [79.1580592, 12.9695015], [79.1580194, 12.969518], [79.1580422, 12.9695703], [79.158082, 12.9695538]]]}}, {"type": "Feature", "properties": {"kind": "building"}, "geometry": {"type": "Polygon", "coordinates": [[[79.1563185, 12.9700099], [79.1563854, 12.9700079], [79.1563801, 12.9698341], [79.1563131, 12.9698361], [79.1563185, 12.9700099]]]}}, {"type": "Feature", "properties": {"kind": "building"}, "geometry": {"type": "Polygon", "coordinates": [[[79.1585631, 12.9709662], [79.1585129, 12.9709669], [79.1584873, 12.970933], [79.1585118, 12.970896], [79.158562, 12.9708953], [79.1585876, 12.9709316], [79.1585631, 12.9709662]]]}}, {"type": "Feature", "properties": {"kind": "building"}, "geometry": {"type": "Polygon", "coordinates": [[[79.1583154, 12.9728694], [79.1584649, 12.9728641], [79.1584626, 12.9728025], [79.1583131, 12.9728078], [79.1583154, 12.9728694]]]}}, {"type": "Feature", "properties": {"kind": "building"}, "geometry": {"type": "Polygon", "coordinates": [[[79.1569175, 12.9729319], [79.1569883, 12.9729372], [79.1569937, 12.9728682], [79.1569229, 12.9728629], [79.1569175, 12.9729319]]]}}, {"type": "Feature", "properties": {"kind": "building"}, "geometry": {"type": "Polygon", "coordinates": [[[79.1569672, 12.9726822], [79.1568943, 12.9727054], [79.1568371, 12.9726555], [79.1568529, 12.9725823], [79.1569258, 12.9725591], [79.156983, 12.972609], [79.1569672, 12.9726822]]]}}, {"type": "Feature", "properties": {"kind": "building"}, "geometry": {"type": "Polygon", "coordinates": [[[79.157622, 12.971537], [79.157586, 12.9715392], [79.1576079, 12.971882], [79.157644, 12.9718798], [79.157622, 12.971537]]]}}, {"type": "Feature", "properties": {"kind": "building"}, "geometry": {"type": "Polygon", "coordinates": [[[79.1582376, 12.9719653], [79.1582763, 12.9719699], [79.1583071, 12.971722], [79.1582685, 12.9717174], [79.1582407, 12.9719408], [79.1582376, 12.9719653]]]}}, {"type": "Feature", "properties": {"kind": "path", "highway": "service"}, "geometry": {"type": "LineString", "coordinates": [[79.1553423, 12.9688106], [79.1553977, 12.9688097], [79.1554626, 12.9688087], [79.1557364, 12.9688044], [79.1558128, 12.9688032], [79.1561145, 12.9687984], [79.1564536, 12.968793], [79.1565481, 12.9687915], [79.157204, 12.9687735], [79.1574642, 12.9687649], [79.1585164, 12.9687322], [79.1586585, 12.9687257]]}}, {"type": "Feature", "properties": {"kind": "path", "highway": "service"}, "geometry": {"type": "LineString", "coordinates": [[79.1639158, 12.9747186], [79.1640719, 12.9745972], [79.1641227, 12.9745527]]}}, {"type": "Feature", "properties": {"kind": "path", "highway": "service"}, "geometry": {"type": "LineString", "coordinates": [[79.160626, 12.9738016], [79.1607481, 12.9737968], [79.1608391, 12.9737788], [79.1609263, 12.9737399], [79.1609689, 12.9737064], [79.1609931, 12.9736805], [79.1610159, 12.9736463], [79.1610319, 12.9736107], [79.1610409, 12.9735521], [79.161051, 12.9733076], [79.1610405, 12.9728785], [79.1610072, 12.9725803]]}}, {"type": "Feature", "properties": {"kind": "path", "highway": "service"}, "geometry": {"type": "LineString", "coordinates": [[79.1547275, 12.968481], [79.1547294, 12.9686312], [79.1547316, 12.9688081], [79.1547334, 12.9689478]]}}, {"type": "Feature", "properties": {"kind": "path", "highway": "service"}, "geometry": {"type": "LineString", "coordinates": [[79.1616204, 12.9714573], [79.1617187, 12.9714909], [79.1625961, 12.9716441], [79.1631947, 12.9717558], [79.1636412, 12.9718383], [79.164676, 12.972033], [79.1651269, 12.9721425], [79.1654452, 12.9722246], [79.1664083, 12.9724715], [79.1667214, 12.972557], [79.1671308, 12.9726616], [79.1673088, 12.9727138], [79.1673705, 12.9727008]]}}, {"type": "Feature", "properties": {"kind": "path", "highway": "service"}, "geometry": {"type": "LineString", "coordinates": [[79.1558934, 12.9696138], [79.1558844, 12.9696312], [79.1558811, 12.9696499], [79.1558804, 12.969654], [79.1558839, 12.9696768], [79.1558946, 12.9696973], [79.1559114, 12.9697136], [79.1559325, 12.9697239], [79.1559559, 12.9697273], [79.155984, 12.9697215], [79.1560078, 12.9697058], [79.1560237, 12.9696825], [79.1560294, 12.9696551], [79.156028, 12.9696481], [79.156024, 12.9696276], [79.1560141, 12.9696107], [79.1559999, 12.9695969], [79.1559824, 12.9695873], [79.155963, 12.9695826], [79.1559429, 12.9695831], [79.1559237, 12.9695888], [79.1559068, 12.9695993], [79.1558934, 12.9696138]]}}, {"type": "Feature", "properties": {"kind": "path", "highway": "service"}, "geometry": {"type": "LineString", "coordinates": [[79.1553327, 12.9703706], [79.1553461, 12.9703523], [79.1553514, 12.9703171], [79.1553509, 12.9702595], [79.15535, 12.9701502], [79.1553373, 12.9696565], [79.1553373, 12.9696557], [79.1553324, 12.9692531], [79.1553423, 12.9688106], [79.1553334, 12.968633], [79.1553146, 12.9681307]]}}, {"type": "Feature", "properties": {"kind": "path", "highway": "service"}, "geometry": {"type": "LineString", "coordinates": [[79.1574058, 12.9696314], [79.157218, 12.9696337], [79.1566611, 12.9696404], [79.1565662, 12.9696416], [79.1564009, 12.9696436], [79.1562607, 12.9696453], [79.156028, 12.9696481]]}}, {"type": "Feature", "properties": {"kind": "path", "highway": "service"}, "geometry": {"type": "LineString", "coordinates": [[79.157204, 12.9687735], [79.1572053, 12.9688545], [79.1572084, 12.9690524], [79.1572167, 12.9695613], [79.157218, 12.9696337]]}}, {"type": "Feature", "properties": {"kind": "path", "highway": "footway"}, "geometry": {"type": "LineString", "coordinates": [[79.15651, 12.971454], [79.1565583, 12.9713704], [79.1566978, 12.9712867], [79.1567944, 12.9712397], [79.1568936, 12.9711305]]}}, {"type": "Feature", "properties": {"kind": "path", "highway": "service"}, "geometry": {"type": "LineString", "coordinates": [[79.1545227, 12.9692584], [79.1548504, 12.969254], [79.1553324, 12.9692531]]}}, {"type": "Feature", "properties": {"kind": "path", "highway": "footway"}, "geometry": {"type": "LineString", "coordinates": [[79.1581115, 12.9709754], [79.1574639, 12.9709275], [79.1573097, 12.9708712], [79.156911, 12.9708632], [79.1554214, 12.9707484], [79.1554093, 12.9704008], [79.1553327, 12.9703706]]}}, {"type": "Feature", "properties": {"kind": "path", "highway": "service"}, "geometry": {"type": "LineString", "coordinates": [[79.1583162, 12.9709132], [79.158309, 12.9708922], [79.1581807, 12.9706044], [79.1581755, 12.9698044], [79.1581753, 12.9697569]]}}, {"type": "Feature", "properties": {"kind": "path", "highway": "service"}, "geometry": {"type": "LineString", "coordinates": [[79.1600265, 12.9683695], [79.1596286, 12.9683845], [79.1595699, 12.9685718], [79.1586583, 12.9684913]]}}, {"type": "Feature", "properties": {"kind": "path", "highway": "footway"}, "geometry": {"type": "LineString", "coordinates": [[79.1568936, 12.9711305], [79.1569132, 12.9710158]]}}, {"type": "Feature", "properties": {"kind": "path", "highway": "footway"}, "geometry": {"type": "LineString", "coordinates": [[79.1569132, 12.9710158], [79.1569234, 12.9709288], [79.156911, 12.9708632], [79.1567904, 12.9706699], [79.1566673, 12.9696863], [79.1566611, 12.9696404]]}}, {"type": "Feature", "properties": {"kind": "path", "highway": "footway"}, "geometry": {"type": "LineString", "coordinates": [[79.1603654, 12.9712759], [79.1603624, 12.9716466]]}}, {"type": "Feature", "properties": {"kind": "path", "highway": "service"}, "geometry": {"type": "LineString", "coordinates": [[79.1643095, 12.9718721], [79.1643196, 12.9718337], [79.164349, 12.9717226], [79.1645898, 12.9708178], [79.1646181, 12.9707104], [79.1647232, 12.9704477]]}}, {"type": "Feature", "properties": {"kind": "path", "highway": "service"}, "geometry": {"type": "LineString", "coordinates": [[79.163511, 12.9713318], [79.1635939, 12.9713851], [79.1636218, 12.9714134], [79.1636435, 12.9714464], [79.1636581, 12.9714829], [79.1636652, 12.9715215], [79.1636733, 12.9715716], [79.1636773, 12.9716419], [79.163679, 12.9717131], [79.1636672, 12.9717523], [79.1636412, 12.9718383]]}}, {"type": "Feature", "properties": {"kind": "path", "highway": "service"}, "geometry": {"type": "LineString", "coordinates": [[79.1630859, 12.9716518], [79.1630961, 12.9715935], [79.1632094, 12.9709291], [79.1632589, 12.9706387], [79.1632772, 12.9704466], [79.1632828, 12.9703883]]}}, {"type": "Feature", "properties": {"kind": "path", "highway": "service"}, "geometry": {"type": "LineString", "coordinates": [[79.1632084, 12.9716729], [79.1632476, 12.9716226], [79.1634569, 12.9713491], [79.163511, 12.9713318]]}}, {"type": "Feature", "properties": {"kind": "path", "highway": "service"}, "geometry": {"type": "LineString", "coordinates": [[79.1582581, 12.9715772], [79.1583162, 12.9709132]]}}, {"type": "Feature", "properties": {"kind": "path", "highway": "service"}, "geometry": {"type": "LineString", "coordinates": [[79.1573542, 12.9720252], [79.157675, 12.9719252], [79.1580819, 12.9719106], [79.1581204, 12.9719047], [79.1581563, 12.9718901], [79.1581877, 12.9718676], [79.1582127, 12.9718386], [79.1582299, 12.9718046], [79.1582384, 12.9717675], [79.1582581, 12.9715772]]}}, {"type": "Feature", "properties": {"kind": "path", "highway": "footway"}, "geometry": {"type": "LineString", "coordinates": [[79.1610109, 12.9713233], [79.1614455, 12.971373], [79.1617767, 12.9713638], [79.1622663, 12.9714527]]}}, {"type": "Feature", "properties": {"kind": "path", "highway": "footway"}, "geometry": {"type": "LineString", "coordinates": [[79.1560207, 12.9697446], [79.1560529, 12.9697132], [79.1564008, 12.9697026], [79.1566673, 12.9696863]]}}, {"type": "Feature", "properties": {"kind": "path", "highway": "footway"}, "geometry": {"type": "LineString", "coordinates": [[79.1554093, 12.9704008], [79.1553958, 12.9702661], [79.1553837, 12.9697145], [79.1558115, 12.9697132], [79.1558518, 12.969742], [79.155888, 12.9697498]]}}, {"type": "Feature", "properties": {"kind": "path", "highway": "footway"}, "geometry": {"type": "LineString", "coordinates": [[79.1542813, 12.9704464], [79.1549492, 12.9704294], [79.1552858, 12.9704216], [79.1554093, 12.9704008]]}}, {"type": "Feature", "properties": {"kind": "path", "highway": "footway"}, "geometry": {"type": "LineString", "coordinates": [[79.1548017, 12.9694675], [79.1552818, 12.9694741], [79.1553046, 12.9702974], [79.1552885, 12.9703353], [79.1552469, 12.9703484], [79.1542679, 12.9703601]]}}, {"type": "Feature", "properties": {"kind": "path", "highway": "footway"}, "geometry": {"type": "LineString", "coordinates": [[79.1566673, 12.9696863], [79.1573659, 12.9696701], [79.1575724, 12.9698204], [79.1580874, 12.9698034], [79.1581169, 12.9698302], [79.1581242, 12.9698564], [79.158145, 12.9705588], [79.1581571, 12.9706098], [79.1582678, 12.9709025], [79.1582272, 12.9709846]]}}, {"type": "Feature", "properties": {"kind": "path", "highway": "footway"}, "geometry": {"type": "LineString", "coordinates": [[79.1586801, 12.9710097], [79.1586792, 12.9709732], [79.1586627, 12.9703157], [79.1586339, 12.9698525], [79.1585957, 12.9698119], [79.1585581, 12.9697936], [79.1582858, 12.9697956], [79.158263, 12.9698027], [79.1582369, 12.9698335], [79.1582256, 12.9698576], [79.1582336, 12.9705974], [79.1583388, 12.9708823], [79.1583475, 12.9709051], [79.1583538, 12.970992]]}}, {"type": "Feature", "properties": {"kind": "path", "highway": "footway"}, "geometry": {"type": "LineString", "coordinates": [[79.1553958, 12.9702661], [79.1557592, 12.9702556], [79.155955, 12.9702321], [79.1559559, 12.9697471], [79.1559559, 12.9697273]]}}, {"type": "Feature", "properties": {"kind": "path", "highway": "service"}, "geometry": {"type": "LineString", "coordinates": [[79.1640719, 12.9745972], [79.1640657, 12.9741797], [79.1640615, 12.9738913], [79.1640565, 12.9735575], [79.1640491, 12.9730538]]}}, {"type": "Feature", "properties": {"kind": "path", "highway": "footway"}, "geometry": {"type": "LineString", "coordinates": [[79.1603624, 12.9716466], [79.1603868, 12.9722376], [79.1603904, 12.9723241], [79.1603981, 12.9725112], [79.1604003, 12.9725623]]}}, {"type": "Feature", "properties": {"kind": "path", "highway": "service"}, "geometry": {"type": "LineString", "coordinates": [[79.1553334, 12.968633], [79.1547294, 12.9686312]]}}, {"type": "Feature", "properties": {"kind": "path", "highway": "footway"}, "geometry": {"type": "LineString", "coordinates": [[79.1561852, 12.9681268], [79.1561798, 12.9680925], [79.1561703, 12.9680346], [79.1561637, 12.9679973]]}}, {"type": "Feature", "properties": {"kind": "path", "highway": "footway"}, "geometry": {"type": "LineString", "coordinates": [[79.1585707, 12.9675765], [79.1585484, 12.9674935], [79.1585249, 12.967406], [79.1585143, 12.9673665]]}}, {"type": "Feature", "properties": {"kind": "path", "highway": "service"}, "geometry": {"type": "LineString", "coordinates": [[79.150189, 12.9689594], [79.1501602, 12.9694936], [79.1501591, 12.9698434], [79.1501181, 12.9699369], [79.1501207, 12.9702422]]}}, {"type": "Feature", "properties": {"kind": "path", "highway": "service"}, "geometry": {"type": "LineString", "coordinates": [[79.1667479, 12.9671272], [79.1670137, 12.9671361], [79.1671175, 12.9671395]]}}, {"type": "Feature", "properties": {"kind": "path", "highway": "service"}, "geometry": {"type": "LineString", "coordinates": [[79.1672075, 12.9671425], [79.1672459, 12.9674969], [79.1672821, 12.9676539], [79.1673299, 12.9676869], [79.1676164, 12.9676723], [79.1676195, 12.9676721], [79.167686, 12.9676209], [79.1676767, 12.9671522], [79.1676207, 12.9671306], [79.1672075, 12.9671425]]}}, {"type": "Feature", "properties": {"kind": "path", "highway": "service"}, "geometry": {"type": "LineString", "coordinates": [[79.1673299, 12.9676869], [79.1673246, 12.9677464], [79.1673508, 12.9677847], [79.167615, 12.9677824], [79.1676381, 12.967749], [79.1676164, 12.9676723]]}}, {"type": "Feature", "properties": {"kind": "path", "highway": "service"}, "geometry": {"type": "LineString", "coordinates": [[79.1671175, 12.9671395], [79.1671628, 12.9675615], [79.1672165, 12.9683136], [79.1672422, 12.9685058], [79.1678703, 12.9684854], [79.1679999, 12.9684751], [79.1680443, 12.9684444], [79.1681529, 12.9684376], [79.1682276, 12.9684751], [79.1689736, 12.9684672]]}}, {"type": "Feature", "properties": {"kind": "path", "highway": "service"}, "geometry": {"type": "LineString", "coordinates": [[79.1679999, 12.9684751], [79.1680665, 12.9685243], [79.1681389, 12.968519], [79.1682276, 12.9684751]]}}, {"type": "Feature", "properties": {"kind": "path", "highway": "service"}, "geometry": {"type": "LineString", "coordinates": [[79.1690287, 12.9660612], [79.1690241, 12.9662287], [79.16901, 12.9667418], [79.1689853, 12.9676801], [79.1689736, 12.9684672], [79.1689699, 12.9690078], [79.1689679, 12.9692958], [79.1689653, 12.9696677], [79.1689671, 12.9697406], [79.1689869, 12.9705174], [79.1689884, 12.9710668]]}}, {"type": "Feature", "properties": {"kind": "path", "highway": "service"}, "geometry": {"type": "LineString", "coordinates": [[79.1689869, 12.9705174], [79.1674694, 12.970603], [79.1673693, 12.9706], [79.1672738, 12.9705324], [79.1671829, 12.9704618]]}}, {"type": "Feature", "properties": {"kind": "path", "highway": "service"}, "geometry": {"type": "LineString", "coordinates": [[79.1689671, 12.9697406], [79.168315, 12.969751], [79.1672716, 12.9697693], [79.1671536, 12.9698085], [79.1671482, 12.970049]]}}, {"type": "Feature", "properties": {"kind": "path", "highway": "service"}, "geometry": {"type": "LineString", "coordinates": [[79.1689679, 12.9692958], [79.1678095, 12.9693029]]}}, {"type": "Feature", "properties": {"kind": "path", "highway": "service"}, "geometry": {"type": "LineString", "coordinates": [[79.1671175, 12.9671395], [79.1672075, 12.9671425]]}}, {"type": "Feature", "properties": {"kind": "path", "highway": "service"}, "geometry": {"type": "LineString", "coordinates": [[79.1631058, 12.9663747], [79.1632585, 12.9681346]]}}, {"type": "Feature", "properties": {"kind": "path", "highway": "service"}, "geometry": {"type": "LineString", "coordinates": [[79.161448, 12.9683178], [79.1610376, 12.9683052], [79.1608426, 12.9682956], [79.160788, 12.9682904], [79.1606871, 12.9682786], [79.1605695, 12.9682742], [79.160417, 12.9682668]]}}, {"type": "Feature", "properties": {"kind": "path", "highway": "service"}, "geometry": {"type": "LineString", "coordinates": [[79.160417, 12.9682668], [79.1604352, 12.9679984]]}}, {"type": "Feature", "properties": {"kind": "path", "highway": "service"}, "geometry": {"type": "LineString", "coordinates": [[79.160417, 12.9682668], [79.1603328, 12.9683015]]}}, {"type": "Feature", "properties": {"kind": "path", "highway": "service"}, "geometry": {"type": "LineString", "coordinates": [[79.1603328, 12.9683015], [79.1601909, 12.9683037], [79.1600265, 12.9683695]]}}, {"type": "Feature", "properties": {"kind": "path", "highway": "service"}, "geometry": {"type": "LineString", "coordinates": [[79.1638698, 12.9662436], [79.1638896, 12.966411], [79.1641059, 12.968231], [79.1643524, 12.9703303], [79.1643849, 12.9704218], [79.1644937, 12.9705477], [79.164562, 12.9706143], [79.164606, 12.9706616], [79.1646181, 12.9707104]]}}, {"type": "Feature", "properties": {"kind": "path", "highway": "service"}, "geometry": {"type": "LineString", "coordinates": [[79.1644435, 12.9731615], [79.1644712, 12.9738056], [79.1645024, 12.9747102], [79.1645294, 12.9752574], [79.1645255, 12.9752877], [79.1645121, 12.9753153], [79.1644907, 12.9753375], [79.1644633, 12.9753523], [79.1644326, 12.9753582], [79.1640707, 12.9753713], [79.163804, 12.975381], [79.163629, 12.975208]]}}, {"type": "Feature", "properties": {"kind": "path", "highway": "service"}, "geometry": {"type": "LineString", "coordinates": [[79.1644712, 12.9738056], [79.1649895, 12.9737856], [79.1650289, 12.9737877], [79.1650691, 12.9737891], [79.165093, 12.97379], [79.1655927, 12.9738122]]}}, {"type": "Feature", "properties": {"kind": "path", "highway": "service"}, "geometry": {"type": "LineString", "coordinates": [[79.1655621, 12.970913], [79.1655811, 12.9708358], [79.1656453, 12.9705751], [79.1656487, 12.9704976]]}}, {"type": "Feature", "properties": {"kind": "path", "highway": "service"}, "geometry": {"type": "LineString", "coordinates": [[79.1650289, 12.9737877], [79.1650142, 12.9730893], [79.1651001, 12.9727875]]}}, {"type": "Feature", "properties": {"kind": "path", "highway": "service"}, "geometry": {"type": "LineString", "coordinates": [[79.1651001, 12.9727875], [79.1652847, 12.9720236]]}}, {"type": "Feature", "properties": {"kind": "path", "highway": "service"}, "geometry": {"type": "LineString", "coordinates": [[79.1641531, 12.9730952], [79.1642249, 12.9731196]]}}, {"type": "Feature", "properties": {"kind": "path", "highway": "service"}, "geometry": {"type": "LineString", "coordinates": [[79.1591762, 12.9726146], [79.1604003, 12.9725623], [79.1609494, 12.9725748], [79.1610072, 12.9725803]]}}, {"type": "Feature", "properties": {"kind": "path", "highway": "path"}, "geometry": {"type": "LineString", "coordinates": [[79.1636271, 12.9750821], [79.1631103, 12.9752205], [79.1626582, 12.9754163], [79.1614077, 12.9757262], [79.1611666, 12.9757393], [79.1612486, 12.9764082], [79.1610092, 12.9767295], [79.1605204, 12.9767426], [79.1603781, 12.9767181], [79.1602441, 12.9765093], [79.1600633, 12.9764685], [79.160003, 12.9763641], [79.1599813, 12.9762156], [79.1598628, 12.9761696]]}}, {"type": "Feature", "properties": {"kind": "path", "highway": "service"}, "geometry": {"type": "LineString", "coordinates": [[79.1580666, 12.9736431], [79.158067, 12.9736722], [79.1580739, 12.9736991], [79.1580869, 12.9737237], [79.1581052, 12.9737448], [79.158128, 12.9737613], [79.158154, 12.9737723], [79.1581819, 12.9737774], [79.1582106, 12.9737761], [79.1582383, 12.9737684], [79.1582634, 12.9737547], [79.1582846, 12.9737358], [79.1583008, 12.9737126], [79.1583112, 12.9736865], [79.1583151, 12.9736586]]}}, {"type": "Feature", "properties": {"kind": "path", "highway": "service"}, "geometry": {"type": "LineString", "coordinates": [[79.160626, 12.9738016], [79.1606383, 12.9739516], [79.160646, 12.973982], [79.1606675, 12.9740257], [79.1606854, 12.9740398], [79.1607345, 12.9740485], [79.1607854, 12.9740461], [79.1608176, 12.9740403], [79.1608488, 12.9740271], [79.1608636, 12.9740085], [79.1608768, 12.9739531], [79.1608726, 12.9739118], [79.1608391, 12.9737788]]}}, {"type": "Feature", "properties": {"kind": "path", "highway": "service"}, "geometry": {"type": "LineString", "coordinates": [[79.1644435, 12.9731615], [79.1645072, 12.9729713], [79.164552, 12.9726558], [79.1645516, 12.9726337], [79.1645443, 12.9726127], [79.1645309, 12.9725949], [79.1645125, 12.9725819], [79.1644909, 12.9725749], [79.1638716, 12.9724747], [79.1638149, 12.9724655], [79.1637933, 12.9724662], [79.1637737, 12.9724748], [79.163759, 12.9724901], [79.1637514, 12.9725098], [79.1636706, 12.9729831]]}}, {"type": "Feature", "properties": {"kind": "path", "highway": "service"}, "geometry": {"type": "LineString", "coordinates": [[79.1629844, 12.9722269], [79.1620955, 12.972101], [79.1611641, 12.9720304], [79.1611371, 12.9720318], [79.1611118, 12.9720408], [79.1610902, 12.9720566], [79.1610744, 12.9720779], [79.1610657, 12.9721028], [79.161009, 12.9724438], [79.1610037, 12.9724753]]}}, {"type": "Feature", "properties": {"kind": "path", "highway": "service"}, "geometry": {"type": "LineString", "coordinates": [[79.1630489, 12.9728984], [79.1630558, 12.9728621], [79.1630777, 12.9726429], [79.1631057, 12.9723967], [79.1631017, 12.9723462], [79.1630612, 12.9722814], [79.1629844, 12.9722269]]}}, {"type": "Feature", "properties": {"kind": "path", "highway": "service"}, "geometry": {"type": "LineString", "coordinates": [[79.1655927, 12.9738122], [79.1662397, 12.9737677], [79.1663432, 12.9737698], [79.1665417, 12.9738665], [79.1678747, 12.9738482]]}}, {"type": "Feature", "properties": {"kind": "path", "highway": "service"}, "geometry": {"type": "LineString", "coordinates": [[79.1641059, 12.968231], [79.1653429, 12.9682339], [79.1653828, 12.9688041], [79.1653895, 12.9688368], [79.1654044, 12.9688669], [79.1654266, 12.9688923], [79.1654546, 12.9689114], [79.1654867, 12.968923], [79.1655207, 12.9689263], [79.1665471, 12.9688992], [79.1665979, 12.9689031], [79.1666468, 12.9689173], [79.1666915, 12.9689412], [79.16673, 12.9689737], [79.1667608, 12.9690133], [79.1667823, 12.9690584], [79.1667936, 12.9691068], [79.1668142, 12.9692762], [79.1668251, 12.9693277], [79.1668448, 12.9693767], [79.1669186, 12.9695221], [79.1669327, 12.9695559], [79.1669413, 12.9695915], [79.1669444, 12.9696279], [79.1669204, 12.9704499], [79.1670191, 12.9707222], [79.1670942, 12.9717311], [79.1670909, 12.972582]]}}, {"type": "Feature", "properties": {"kind": "path", "highway": "service"}, "geometry": {"type": "LineString", "coordinates": [[79.1671829, 12.9704618], [79.1671482, 12.970049]]}}, {"type": "Feature", "properties": {"kind": "path", "highway": "service"}, "geometry": {"type": "LineString", "coordinates": [[79.1671536, 12.9698085], [79.1671517, 12.9690838], [79.1689699, 12.9690078]]}}, {"type": "Feature", "properties": {"kind": "path", "highway": "footway"}, "geometry": {"type": "LineString", "coordinates": [[79.1631677, 12.9716054], [79.1632476, 12.9716226], [79.1633491, 12.9716431]]}}, {"type": "Feature", "properties": {"kind": "path", "highway": "footway"}, "geometry": {"type": "LineString", "coordinates": [[79.1638274, 12.971747], [79.1643196, 12.9718337], [79.1650027, 12.9719868]]}}, {"type": "Feature", "properties": {"kind": "path", "highway": "footway"}, "geometry": {"type": "LineString", "coordinates": [[79.1655801, 12.9705523], [79.1655848, 12.9705791], [79.1655006, 12.9708993], [79.1652401, 12.972025]]}}, {"type": "Feature", "properties": {"kind": "path", "highway": "footway"}, "geometry": {"type": "LineString", "coordinates": [[79.1652401, 12.972025], [79.1651932, 12.9722311], [79.1651832, 12.9722729], [79.1650642, 12.9727731]]}}, {"type": "Feature", "properties": {"kind": "path", "highway": "footway"}, "geometry": {"type": "LineString", "coordinates": [[79.1650642, 12.9727731], [79.1650621, 12.9727817], [79.1649777, 12.973101], [79.1649895, 12.9737856]]}}, {"type": "Feature", "properties": {"kind": "path", "highway": "footway"}, "geometry": {"type": "LineString", "coordinates": [[79.1586801, 12.9710097], [79.1585808, 12.9710046], [79.1584341, 12.9709965]]}}, {"type": "Feature", "properties": {"kind": "path", "highway": "footway"}, "geometry": {"type": "LineString", "coordinates": [[79.1582678, 12.9709025], [79.158309, 12.9708922], [79.1583388, 12.9708823]]}}, {"type": "Feature", "properties": {"kind": "path", "highway": "footway"}, "geometry": {"type": "LineString", "coordinates": [[79.1587418, 12.970977], [79.1587203, 12.9709757], [79.1586792, 12.9709732]]}}, {"type": "Feature", "properties": {"kind": "path", "highway": "footway"}, "geometry": {"type": "LineString", "coordinates": [[79.1585683, 12.9695849], [79.1586582, 12.9695189], [79.1586262, 12.9688439], [79.1585485, 12.9687863], [79.1577815, 12.9687996]]}}, {"type": "Feature", "properties": {"kind": "path", "highway": "footway"}, "geometry": {"type": "LineString", "coordinates": [[79.1585581, 12.9697936], [79.1585625, 12.9697279], [79.1585658, 12.969646], [79.1585683, 12.9695849]]}}, {"type": "Feature", "properties": {"kind": "path", "highway": "footway"}, "geometry": {"type": "LineString", "coordinates": [[79.1571582, 12.9688146], [79.1565976, 12.9688288], [79.156587, 12.9688898], [79.1565897, 12.9690497], [79.1565983, 12.9695613], [79.1565983, 12.9696138], [79.1571611, 12.9695938], [79.1571872, 12.9695613], [79.1571835, 12.9690532], [79.1571822, 12.9688743], [79.157179, 12.9688553], [79.1571727, 12.9688321], [79.1571582, 12.9688146]]}}, {"type": "Feature", "properties": {"kind": "path", "highway": "footway"}, "geometry": {"type": "LineString", "coordinates": [[79.1572496, 12.9688535], [79.1572053, 12.9688545], [79.157179, 12.9688553]]}}, {"type": "Feature", "properties": {"kind": "path", "highway": "footway"}, "geometry": {"type": "LineString", "coordinates": [[79.1564995, 12.9688385], [79.15606, 12.9688462], [79.1558129, 12.9688505], [79.1557918, 12.9688509], [79.1553767, 12.9688581], [79.1553734, 12.969637], [79.1557946, 12.9696338], [79.1558844, 12.9696312], [79.156024, 12.9696276], [79.1560434, 12.9696275], [79.1565053, 12.9696005], [79.1565297, 12.9695593], [79.1565061, 12.9688914], [79.1564995, 12.9688385]]}}, {"type": "Feature", "properties": {"kind": "path", "highway": "footway"}, "geometry": {"type": "LineString", "coordinates": [[79.156587, 12.9688898], [79.1565502, 12.9688906], [79.1565061, 12.9688914]]}}, {"type": "Feature", "properties": {"kind": "path", "highway": "footway"}, "geometry": {"type": "LineString", "coordinates": [[79.1565983, 12.9695613], [79.1565644, 12.9695603], [79.1565297, 12.9695593]]}}, {"type": "Feature", "properties": {"kind": "path", "highway": "footway"}, "geometry": {"type": "LineString", "coordinates": [[79.1572759, 12.9695614], [79.1572167, 12.9695613], [79.1571872, 12.9695613]]}}, {"type": "Feature", "properties": {"kind": "path", "highway": "footway"}, "geometry": {"type": "LineString", "coordinates": [[79.1580874, 12.9698034], [79.1581755, 12.9698044], [79.158263, 12.9698027]]}}, {"type": "Feature", "properties": {"kind": "path", "highway": "footway"}, "geometry": {"type": "LineString", "coordinates": [[79.1583538, 12.970992], [79.1583384, 12.9711759], [79.1583316, 12.9712567], [79.1582991, 12.9715904]]}}, {"type": "Feature", "properties": {"kind": "path", "highway": "footway"}, "geometry": {"type": "LineString", "coordinates": [[79.1582991, 12.9715904], [79.1582904, 12.9717161]]}}, {"type": "Feature", "properties": {"kind": "path", "highway": "steps"}, "geometry": {"type": "LineString", "coordinates": [[79.158255, 12.9720105], [79.1582589, 12.9719733], [79.1582904, 12.9717161]]}}, {"type": "Feature", "properties": {"kind": "path", "highway": "footway"}, "geometry": {"type": "LineString", "coordinates": [[79.1584689, 12.9720434], [79.1585406, 12.97208], [79.1587329, 12.9723279], [79.158765, 12.9723711], [79.1587869, 12.9724201], [79.1587976, 12.9724724], [79.1588053, 12.9725586], [79.158808, 12.9726331]]}}, {"type": "Feature", "properties": {"kind": "path", "highway": "footway"}, "geometry": {"type": "LineString", "coordinates": [[79.1610519, 12.9724521], [79.1610759, 12.9724656], [79.1610958, 12.9724845], [79.1611102, 12.9725076], [79.161117, 12.9725268], [79.1611199, 12.972547]]}}, {"type": "Feature", "properties": {"kind": "path", "highway": "steps"}, "geometry": {"type": "LineString", "coordinates": [[79.1582272, 12.9709846], [79.1581115, 12.9709754]]}}, {"type": "Feature", "properties": {"kind": "path", "highway": "steps"}, "geometry": {"type": "LineString", "coordinates": [[79.1584341, 12.9709965], [79.1583538, 12.970992]]}}, {"type": "Feature", "properties": {"kind": "path", "highway": "footway"}, "geometry": {"type": "LineString", "coordinates": [[79.1577815, 12.9687996], [79.1573013, 12.9688079], [79.1572496, 12.9688535], [79.1572759, 12.9695614]]}}, {"type": "Feature", "properties": {"kind": "path", "highway": "service"}, "geometry": {"type": "LineString", "coordinates": [[79.1683146, 12.962735], [79.1683021, 12.9630736]]}}, {"type": "Feature", "properties": {"kind": "path", "highway": "service"}, "geometry": {"type": "LineString", "coordinates": [[79.1640319, 12.9654694], [79.1641651, 12.9653452], [79.1641943, 12.9653218], [79.1642267, 12.965303], [79.1642617, 12.965289], [79.164945, 12.9650728], [79.1649674, 12.965062], [79.1649857, 12.9650452], [79.1649982, 12.9650241], [79.165085, 12.9648107], [79.1650961, 12.9647765], [79.1651021, 12.9647411], [79.1651334, 12.9644146], [79.1651384, 12.9643855], [79.1651476, 12.9643573], [79.1651548, 12.9643398], [79.1651671, 12.9642993], [79.1651717, 12.9642572], [79.1651739, 12.96409]]}}, {"type": "Feature", "properties": {"kind": "path", "highway": "service"}, "geometry": {"type": "LineString", "coordinates": [[79.1649163, 12.9644399], [79.1649455, 12.9641446], [79.1649512, 12.9641229], [79.1649634, 12.9641039], [79.164981, 12.9640895], [79.1650022, 12.964081], [79.1650251, 12.9640792], [79.1651739, 12.96409], [79.1657116, 12.9641288], [79.1657451, 12.9640909], [79.165995, 12.964075]]}}, {"type": "Feature", "properties": {"kind": "path", "highway": "service"}, "geometry": {"type": "LineString", "coordinates": [[79.1716942, 12.96648], [79.1720263, 12.9664492]]}}, {"type": "Feature", "properties": {"kind": "path", "highway": "footway"}, "geometry": {"type": "LineString", "coordinates": [[79.1621019, 12.9645331], [79.1621206, 12.9647775]]}}, {"type": "Feature", "properties": {"kind": "path", "highway": "footway"}, "geometry": {"type": "LineString", "coordinates": [[79.1621506, 12.9648072], [79.1623654, 12.9647933]]}}, {"type": "Feature", "properties": {"kind": "path", "highway": "footway"}, "geometry": {"type": "LineString", "coordinates": [[79.1618543, 12.9648152], [79.1620901, 12.9648067]]}}, {"type": "Feature", "properties": {"kind": "path", "highway": "footway"}, "geometry": {"type": "LineString", "coordinates": [[79.1621201, 12.9648364], [79.162128, 12.9650786]]}}, {"type": "Feature", "properties": {"kind": "path", "highway": "footway"}, "geometry": {"type": "LineString", "coordinates": [[79.1621201, 12.9648364], [79.1620988, 12.9648276], [79.1620901, 12.9648067], [79.1620992, 12.9647859], [79.1621206, 12.9647775], [79.1621419, 12.9647863], [79.1621506, 12.9648072], [79.1621415, 12.964828], [79.1621201, 12.9648364]]}}, {"type": "Feature", "properties": {"kind": "path", "highway": "footway"}, "geometry": {"type": "LineString", "coordinates": [[79.1620162, 12.9650728], [79.1620175, 12.9651998]]}}, {"type": "Feature", "properties": {"kind": "path", "highway": "footway"}, "geometry": {"type": "LineString", "coordinates": [[79.1618699, 12.9650653], [79.1620162, 12.9650728], [79.162128, 12.9650786], [79.1621603, 12.9650803]]}}, {"type": "Feature", "properties": {"kind": "path", "highway": "footway"}, "geometry": {"type": "LineString", "coordinates": [[79.1623569, 12.9645405], [79.1623654, 12.9647933], [79.1623675, 12.9648568], [79.1623125, 12.9649842], [79.1621603, 12.9650803]]}}, {"type": "Feature", "properties": {"kind": "path", "highway": "footway"}, "geometry": {"type": "LineString", "coordinates": [[79.1618439, 12.9646482], [79.1616306, 12.9646601]]}}, {"type": "Feature", "properties": {"kind": "path", "highway": "footway"}, "geometry": {"type": "LineString", "coordinates": [[79.1616211, 12.9645443], [79.1616306, 12.9646601]]}}, {"type": "Feature", "properties": {"kind": "path", "highway": "footway"}, "geometry": {"type": "LineString", "coordinates": [[79.1618773, 12.9651848], [79.1618699, 12.9650653], [79.1618543, 12.9648152], [79.1618439, 12.9646482], [79.1618369, 12.9645362]]}}, {"type": "Feature", "properties": {"kind": "path", "highway": "footway"}, "geometry": {"type": "LineString", "coordinates": [[79.1615644, 12.9645464], [79.1616211, 12.9645443], [79.1618369, 12.9645362], [79.1619994, 12.9645301], [79.1621019, 12.9645331], [79.1623569, 12.9645405], [79.162446, 12.9645431]]}}, {"type": "Feature", "properties": {"kind": "path", "highway": "service"}, "geometry": {"type": "LineString", "coordinates": [[79.1548216, 12.9673962], [79.1546755, 12.9672943]]}}, {"type": "Feature", "properties": {"kind": "path", "highway": "service"}, "geometry": {"type": "LineString", "coordinates": [[79.1547292, 12.9669766], [79.1547789, 12.9670759], [79.1548164, 12.9671975], [79.1548231, 12.9673242], [79.1548216, 12.9673962], [79.1548178, 12.9675738]]}}, {"type": "Feature", "properties": {"kind": "path", "highway": "service"}, "geometry": {"type": "LineString", "coordinates": [[79.1586019, 12.9674805], [79.158584, 12.9673909]]}}, {"type": "Feature", "properties": {"kind": "path", "highway": "footway"}, "geometry": {"type": "LineString", "coordinates": [[79.1511617, 12.9704879], [79.1511677, 12.9705045], [79.15116, 12.9705204], [79.1511421, 12.9705263], [79.1511266, 12.9705189], [79.1511206, 12.9705055], [79.1511282, 12.9704863], [79.1511419, 12.9704804], [79.1511617, 12.9704879]]}}, {"type": "Feature", "properties": {"kind": "path", "highway": "service"}, "geometry": {"type": "LineString", "coordinates": [[79.1514187, 12.969728], [79.1511143, 12.9697189]]}}, {"type": "Feature", "properties": {"kind": "path", "highway": "footway"}, "geometry": {"type": "LineString", "coordinates": [[79.1511407, 12.9704071], [79.1511419, 12.9704804]]}}, {"type": "Feature", "properties": {"kind": "path", "highway": "service"}, "geometry": {"type": "LineString", "coordinates": [[79.1511315, 12.970141], [79.1508569, 12.9701337], [79.150831, 12.970459], [79.1505791, 12.9704571]]}}, {"type": "Feature", "properties": {"kind": "path", "highway": "footway"}, "geometry": {"type": "LineString", "coordinates": [[79.1508682, 12.9706249], [79.1508816, 12.9705149], [79.1508941, 12.9704118], [79.1511407, 12.9704071], [79.1514642, 12.970401], [79.1514739, 12.9704992], [79.1514847, 12.9706078], [79.1511424, 12.9706173], [79.1508682, 12.9706249]]}}, {"type": "Feature", "properties": {"kind": "path", "highway": "footway"}, "geometry": {"type": "LineString", "coordinates": [[79.1511206, 12.9705055], [79.1508816, 12.9705149]]}}, {"type": "Feature", "properties": {"kind": "path", "highway": "footway"}, "geometry": {"type": "LineString", "coordinates": [[79.1511421, 12.9705263], [79.1511424, 12.9706173]]}}, {"type": "Feature", "properties": {"kind": "path", "highway": "footway"}, "geometry": {"type": "LineString", "coordinates": [[79.1511677, 12.9705045], [79.1514739, 12.9704992]]}}, {"type": "Feature", "properties": {"kind": "path", "highway": "service"}, "geometry": {"type": "LineString", "coordinates": [[79.1539805, 12.9681131], [79.1539756, 12.9683894], [79.1542242, 12.9683971], [79.154255, 12.9681108]]}}, {"type": "Feature", "properties": {"kind": "path", "highway": "service"}, "geometry": {"type": "LineString", "coordinates": [[79.1642235, 12.9747178], [79.1645024, 12.9747102]]}}, {"type": "Feature", "properties": {"kind": "path", "highway": "service"}, "geometry": {"type": "LineString", "coordinates": [[79.1641689, 12.974718], [79.1642235, 12.9747178]]}}, {"type": "Feature", "properties": {"kind": "path", "highway": "service"}, "geometry": {"type": "LineString", "coordinates": [[79.163629, 12.975208], [79.1636271, 12.9750821], [79.1636261, 12.9750192], [79.1637759, 12.9747753], [79.1639158, 12.9747186], [79.1641689, 12.974718]]}}, {"type": "Feature", "properties": {"kind": "path", "highway": "service"}, "geometry": {"type": "LineString", "coordinates": [[79.1642249, 12.9731196], [79.1644435, 12.9731615], [79.1645622, 12.9731804], [79.1648599, 12.9731673]]}}, {"type": "Feature", "properties": {"kind": "path", "highway": "service"}, "geometry": {"type": "LineString", "coordinates": [[79.1640657, 12.9741797], [79.1630458, 12.9741982], [79.1630342, 12.9735756], [79.1634283, 12.9735686], [79.1635241, 12.9735669], [79.1640565, 12.9735575]]}}, {"type": "Feature", "properties": {"kind": "path", "highway": "service"}, "geometry": {"type": "LineString", "coordinates": [[79.1630342, 12.9735756], [79.1630159, 12.9730845], [79.1634078, 12.9730693], [79.1634262, 12.9735177], [79.1634283, 12.9735686]]}}, {"type": "Feature", "properties": {"kind": "path", "highway": "footway"}, "geometry": {"type": "LineString", "coordinates": [[79.1644909, 12.9725749], [79.1647185, 12.9726008], [79.1648365, 12.9726576], [79.1649917, 12.9727504]]}}, {"type": "Feature", "properties": {"kind": "path", "highway": "footway"}, "geometry": {"type": "LineString", "coordinates": [[79.1588053, 12.9725586], [79.1596369, 12.9725188], [79.1603981, 12.9725112], [79.160602, 12.9725078], [79.1608511, 12.9725042], [79.1609099, 12.9724993], [79.1609353, 12.9724952], [79.1609573, 12.9724822], [79.1609729, 12.9724623], [79.1609798, 12.9724381], [79.1610217, 12.9720552]]}}, {"type": "Feature", "properties": {"kind": "path", "highway": "service"}, "geometry": {"type": "LineString", "coordinates": [[79.1592171, 12.9737237], [79.1591762, 12.9726146]]}}, {"type": "Feature", "properties": {"kind": "path", "highway": "service"}, "geometry": {"type": "LineString", "coordinates": [[79.1587415, 12.9710078], [79.1587224, 12.970981], [79.1587203, 12.9709757], [79.1587103, 12.9709506], [79.1587057, 12.9709183], [79.158703, 12.9707953], [79.1586912, 12.9703122], [79.1586915, 12.9702791], [79.158697, 12.9697269], [79.1586938, 12.9696438], [79.1586931, 12.9696244], [79.1586585, 12.9687257], [79.1586583, 12.9684913], [79.1586582, 12.9682839], [79.1586397, 12.9676331], [79.1586019, 12.9674805]]}}, {"type": "Feature", "properties": {"kind": "path", "highway": "service"}, "geometry": {"type": "LineString", "coordinates": [[79.1640757, 12.9755187], [79.1640707, 12.9753713]]}}, {"type": "Feature", "properties": {"kind": "path", "highway": "service"}, "geometry": {"type": "LineString", "coordinates": [[79.1641227, 12.9745527], [79.1641107, 12.9738914], [79.1640958, 12.9730757]]}}, {"type": "Feature", "properties": {"kind": "path", "highway": "footway"}, "geometry": {"type": "LineString", "coordinates": [[79.1650621, 12.9727817], [79.1649906, 12.9727747]]}}, {"type": "Feature", "properties": {"kind": "path", "highway": "steps"}, "geometry": {"type": "LineString", "coordinates": [[79.1649898, 12.9727956], [79.1648855, 12.9727869], [79.1648873, 12.9727661], [79.1649906, 12.9727747]]}}, {"type": "Feature", "properties": {"kind": "path", "highway": "footway"}, "geometry": {"type": "LineString", "coordinates": [[79.1649898, 12.9727956], [79.1649917, 12.9727504]]}}, {"type": "Feature", "properties": {"kind": "path", "highway": "service"}, "geometry": {"type": "LineString", "coordinates": [[79.1643849, 12.9704218], [79.1647232, 12.9704477], [79.1656487, 12.9704976], [79.1669204, 12.9704499]]}}, {"type": "Feature", "properties": {"kind": "path", "highway": "service"}, "geometry": {"type": "LineString", "coordinates": [[79.1638219, 12.9704316], [79.1636412, 12.9706904], [79.1635336, 12.9708097], [79.1633043, 12.9709476], [79.1632094, 12.9709291]]}}, {"type": "Feature", "properties": {"kind": "path", "highway": "service"}, "geometry": {"type": "LineString", "coordinates": [[79.1655811, 12.9708358], [79.1656606, 12.9709215], [79.1654357, 12.9718688], [79.1655663, 12.9721185], [79.1656002, 12.9721832]]}}, {"type": "Feature", "properties": {"kind": "path", "highway": "footway"}, "geometry": {"type": "LineString", "coordinates": [[79.1655006, 12.9708993], [79.1655621, 12.970913], [79.1656002, 12.9709215]]}}, {"type": "Feature", "properties": {"kind": "path", "highway": "footway"}, "geometry": {"type": "LineString", "coordinates": [[79.1647741, 12.9704921], [79.1655607, 12.9705425], [79.1655801, 12.9705523]]}}, {"type": "Feature", "properties": {"kind": "path", "highway": "footway"}, "geometry": {"type": "LineString", "coordinates": [[79.1652026, 12.9720316], [79.165325, 12.972059]]}}, {"type": "Feature", "properties": {"kind": "path", "highway": "footway"}, "geometry": {"type": "LineString", "coordinates": [[79.165325, 12.972059], [79.1653511, 12.9720649], [79.1654645, 12.9720903]]}}, {"type": "Feature", "properties": {"kind": "path", "highway": "footway"}, "geometry": {"type": "LineString", "coordinates": [[79.1650027, 12.9719868], [79.1651884, 12.9720284], [79.1652026, 12.9720316]]}}, {"type": "Feature", "properties": {"kind": "path", "highway": "footway"}, "geometry": {"type": "LineString", "coordinates": [[79.1651884, 12.9720284], [79.1651995, 12.9719891]]}}, {"type": "Feature", "properties": {"kind": "path", "highway": "steps"}, "geometry": {"type": "LineString", "coordinates": [[79.1651995, 12.9719891], [79.1651192, 12.9719675], [79.1651126, 12.9719906], [79.1652401, 12.972025]]}}, {"type": "Feature", "properties": {"kind": "path", "highway": "footway"}, "geometry": {"type": "LineString", "coordinates": [[79.1653511, 12.9720649], [79.1653621, 12.9720261]]}}, {"type": "Feature", "properties": {"kind": "path", "highway": "steps"}, "geometry": {"type": "LineString", "coordinates": [[79.1653621, 12.9720261], [79.1654505, 12.9720497], [79.1654443, 12.972072], [79.1653256, 12.9720403]]}}, {"type": "Feature", "properties": {"kind": "path", "highway": "footway"}, "geometry": {"type": "LineString", "coordinates": [[79.1656157, 12.9709208], [79.1656002, 12.9709215], [79.1653256, 12.9720403]]}}, {"type": "Feature", "properties": {"kind": "path", "highway": "footway"}, "geometry": {"type": "LineString", "coordinates": [[79.1651396, 12.9728007], [79.1650702, 12.9730971], [79.1650926, 12.9736907], [79.165093, 12.97379]]}}, {"type": "Feature", "properties": {"kind": "path", "highway": "footway"}, "geometry": {"type": "LineString", "coordinates": [[79.1653256, 12.9720403], [79.1652748, 12.9722523], [79.1652647, 12.9722943], [79.1651396, 12.9728007]]}}, {"type": "Feature", "properties": {"kind": "path", "highway": "footway"}, "geometry": {"type": "LineString", "coordinates": [[79.1654645, 12.9720903], [79.1654836, 12.972029], [79.1654031, 12.9718657], [79.165623, 12.9709299], [79.1656157, 12.9709208]]}}, {"type": "Feature", "properties": {"kind": "path", "highway": "service"}, "geometry": {"type": "LineString", "coordinates": [[79.1654634, 12.9721467], [79.1654452, 12.9722246]]}}, {"type": "Feature", "properties": {"kind": "path", "highway": "service"}, "geometry": {"type": "LineString", "coordinates": [[79.1651443, 12.9720722], [79.1651269, 12.9721425]]}}, {"type": "Feature", "properties": {"kind": "path", "highway": "service"}, "geometry": {"type": "LineString", "coordinates": [[79.164676, 12.972033], [79.1646937, 12.9719624]]}}, {"type": "Feature", "properties": {"kind": "path", "highway": "footway"}, "geometry": {"type": "LineString", "coordinates": [[79.1630492, 12.9715857], [79.1630961, 12.9715935], [79.1631677, 12.9716054]]}}, {"type": "Feature", "properties": {"kind": "path", "highway": "footway"}, "geometry": {"type": "LineString", "coordinates": [[79.1633491, 12.9716431], [79.1635875, 12.9716937]]}}, {"type": "Feature", "properties": {"kind": "path", "highway": "footway"}, "geometry": {"type": "LineString", "coordinates": [[79.1635875, 12.9716937], [79.163679, 12.9717131], [79.1638274, 12.971747]]}}, {"type": "Feature", "properties": {"kind": "path", "highway": "service"}, "geometry": {"type": "LineString", "coordinates": [[79.1631947, 12.9717558], [79.1632084, 12.9716729]]}}, {"type": "Feature", "properties": {"kind": "path", "highway": "service"}, "geometry": {"type": "LineString", "coordinates": [[79.1625961, 12.9716441], [79.1626069, 12.9715664]]}}, {"type": "Feature", "properties": {"kind": "path", "highway": "service"}, "geometry": {"type": "LineString", "coordinates": [[79.1616204, 12.9714573], [79.1609411, 12.9713591], [79.1603654, 12.9712759], [79.1600576, 12.9712314], [79.1597748, 12.9711906], [79.1591486, 12.9711001], [79.1588282, 12.9710538], [79.1587958, 12.9710452], [79.1587664, 12.9710296], [79.1587415, 12.9710078]]}}, {"type": "Feature", "properties": {"kind": "path", "highway": "service"}, "geometry": {"type": "LineString", "coordinates": [[79.1673705, 12.9727008], [79.1673397, 12.9726485], [79.1670909, 12.972582], [79.1663138, 12.9723741], [79.1662514, 12.9723574], [79.1656002, 12.9721832], [79.1654634, 12.9721467], [79.1651443, 12.9720722], [79.1646937, 12.9719624], [79.1643095, 12.9718721], [79.1636672, 12.9717523], [79.1636516, 12.9717494], [79.1632084, 12.9716729], [79.1630859, 12.9716518], [79.1626069, 12.9715664], [79.1623535, 12.9715191], [79.1617325, 12.971403], [79.1616204, 12.9714573]]}}, {"type": "Feature", "properties": {"kind": "path", "highway": "service"}, "geometry": {"type": "LineString", "coordinates": [[79.168306, 12.9727187], [79.1679109, 12.9726994], [79.16751, 12.9727243], [79.1673705, 12.9727008]]}}, {"type": "Feature", "properties": {"kind": "path", "highway": "service"}, "geometry": {"type": "LineString", "coordinates": [[79.1661148, 12.9712912], [79.1664455, 12.9713308]]}}, {"type": "Feature", "properties": {"kind": "path", "highway": "service"}, "geometry": {"type": "LineString", "coordinates": [[79.1660082, 12.972135], [79.1660301, 12.9719623], [79.1660498, 12.9718056], [79.1660639, 12.9716939], [79.1660692, 12.9716525], [79.1661055, 12.9713648], [79.1661148, 12.9712912]]}}, {"type": "Feature", "properties": {"kind": "path", "highway": "service"}, "geometry": {"type": "LineString", "coordinates": [[79.1663215, 12.9723137], [79.1665122, 12.972246], [79.1665296, 12.9720996], [79.1663641, 12.971976]]}}, {"type": "Feature", "properties": {"kind": "path", "highway": "service"}, "geometry": {"type": "LineString", "coordinates": [[79.1664357, 12.9714088], [79.1666034, 12.9715167], [79.1665685, 12.9718147], [79.1663758, 12.9718829]]}}, {"type": "Feature", "properties": {"kind": "path", "highway": "service"}, "geometry": {"type": "LineString", "coordinates": [[79.1660639, 12.9716939], [79.1658939, 12.9715886], [79.1659167, 12.9714226], [79.1661055, 12.9713648]]}}, {"type": "Feature", "properties": {"kind": "path", "highway": "service"}, "geometry": {"type": "LineString", "coordinates": [[79.1663997, 12.9716934], [79.1662252, 12.9717716], [79.1660692, 12.9716525]]}}, {"type": "Feature", "properties": {"kind": "path", "highway": "service"}, "geometry": {"type": "LineString", "coordinates": [[79.1660301, 12.9719623], [79.1662104, 12.9718892], [79.1663611, 12.9719992]]}}, {"type": "Feature", "properties": {"kind": "path", "highway": "service"}, "geometry": {"type": "LineString", "coordinates": [[79.1660082, 12.972135], [79.1658308, 12.9720332], [79.165847, 12.9718722], [79.1660498, 12.9718056]]}}, {"type": "Feature", "properties": {"kind": "path", "highway": "service"}, "geometry": {"type": "LineString", "coordinates": [[79.1664455, 12.9713308], [79.1664357, 12.9714088], [79.1663997, 12.9716934], [79.1663758, 12.9718829], [79.1663641, 12.971976], [79.1663611, 12.9719992], [79.1663215, 12.9723137], [79.1663138, 12.9723741]]}}, {"type": "Feature", "properties": {"kind": "path", "highway": "service"}, "geometry": {"type": "LineString", "coordinates": [[79.1657786, 12.972131], [79.1660348, 12.9721676], [79.1662514, 12.9723574]]}}, {"type": "Feature", "properties": {"kind": "path", "highway": "footway"}, "geometry": {"type": "LineString", "coordinates": [[79.1633768, 12.9735191], [79.1634262, 12.9735177], [79.1634786, 12.9735163]]}}, {"type": "Feature", "properties": {"kind": "path", "highway": "footway"}, "geometry": {"type": "LineString", "coordinates": [[79.1633768, 12.9735191], [79.1630687, 12.9735277], [79.1630562, 12.9731032], [79.1633642, 12.9730945], [79.1633768, 12.9735191]]}}, {"type": "Feature", "properties": {"kind": "path", "highway": "footway"}, "geometry": {"type": "LineString", "coordinates": [[79.1635241, 12.9735153], [79.1635241, 12.9735669], [79.1635242, 12.9736339]]}}, {"type": "Feature", "properties": {"kind": "path", "highway": "footway"}, "geometry": {"type": "LineString", "coordinates": [[79.1634786, 12.9735163], [79.1635241, 12.9735153], [79.1639615, 12.9735064], [79.1639764, 12.9735023], [79.1639873, 12.9734917], [79.1639916, 12.9734772], [79.1639998, 12.9731083], [79.163997, 12.973096]]}}, {"type": "Feature", "properties": {"kind": "path", "highway": "footway"}, "geometry": {"type": "LineString", "coordinates": [[79.1640615, 12.9738913], [79.1641107, 12.9738914]]}}, {"type": "Feature", "properties": {"kind": "path", "highway": "service"}, "geometry": {"type": "LineString", "coordinates": [[79.1653112, 12.972029], [79.1651174, 12.9727939]]}}, {"type": "Feature", "properties": {"kind": "path", "highway": "service"}, "geometry": {"type": "LineString", "coordinates": [[79.1655621, 12.970913], [79.1655681, 12.9709535], [79.1653112, 12.972029]]}}, {"type": "Feature", "properties": {"kind": "path", "highway": "service"}, "geometry": {"type": "LineString", "coordinates": [[79.1651174, 12.9727939], [79.165049, 12.9730941], [79.1650691, 12.9737891]]}}, {"type": "Feature", "properties": {"kind": "path", "highway": "service"}, "geometry": {"type": "LineString", "coordinates": [[79.1652847, 12.9720236], [79.1655248, 12.9709407], [79.1655621, 12.970913]]}}, {"type": "Feature", "properties": {"kind": "path", "highway": "service"}, "geometry": {"type": "LineString", "coordinates": [[79.1580404, 12.9689108], [79.1581775, 12.9691567], [79.1581891, 12.9691706], [79.158205, 12.9691794]]}}, {"type": "Feature", "properties": {"kind": "path", "highway": "service"}, "geometry": {"type": "LineString", "coordinates": [[79.158205, 12.9691794], [79.1582232, 12.969182], [79.1582553, 12.9691808], [79.1585581, 12.9691696]]}}, {"type": "Feature", "properties": {"kind": "path", "highway": "service"}, "geometry": {"type": "LineString", "coordinates": [[79.1582553, 12.9691808], [79.1581142, 12.9694976], [79.1581122, 12.9696676]]}}, {"type": "Feature", "properties": {"kind": "path", "highway": "service"}, "geometry": {"type": "LineString", "coordinates": [[79.1564009, 12.9696436], [79.1564008, 12.9697026], [79.1564002, 12.9701131]]}}, {"type": "Feature", "properties": {"kind": "path", "highway": "footway"}, "geometry": {"type": "LineString", "coordinates": [[79.1582698, 12.9695904], [79.1585683, 12.9695849]]}}, {"type": "Feature", "properties": {"kind": "path", "highway": "service"}, "geometry": {"type": "LineString", "coordinates": [[79.1586938, 12.9696438], [79.1585658, 12.969646], [79.1582745, 12.9696509], [79.1582278, 12.9696517]]}}, {"type": "Feature", "properties": {"kind": "path", "highway": "service"}, "geometry": {"type": "LineString", "coordinates": [[79.1581122, 12.9696676], [79.1576448, 12.9696662], [79.1575643, 12.9696283], [79.1574058, 12.9696314]]}}, {"type": "Feature", "properties": {"kind": "path", "highway": "service"}, "geometry": {"type": "LineString", "coordinates": [[79.1574058, 12.9696314], [79.1576154, 12.9697397], [79.1581216, 12.9697326]]}}, {"type": "Feature", "properties": {"kind": "path", "highway": "service"}, "geometry": {"type": "LineString", "coordinates": [[79.1582248, 12.9697361], [79.1582811, 12.9697347], [79.1585625, 12.9697279], [79.158697, 12.9697269]]}}, {"type": "Feature", "properties": {"kind": "path", "highway": "service"}, "geometry": {"type": "LineString", "coordinates": [[79.158143, 12.9696342], [79.1581246, 12.9696482], [79.1581122, 12.9696676], [79.1581073, 12.9696899], [79.1581106, 12.9697125], [79.1581216, 12.9697326], [79.158139, 12.9697479], [79.1581607, 12.9697564], [79.1581753, 12.9697569], [79.1581841, 12.9697572], [79.1582064, 12.9697502], [79.1582248, 12.9697361], [79.1582372, 12.9697167], [79.1582421, 12.9696944], [79.1582388, 12.9696718], [79.1582278, 12.9696517], [79.1582104, 12.9696364], [79.1581887, 12.9696279], [79.1581653, 12.9696271], [79.158143, 12.9696342]]}}, {"type": "Feature", "properties": {"kind": "path", "highway": "service"}, "geometry": {"type": "LineString", "coordinates": [[79.1601755, 12.9704346], [79.159749, 12.9702883], [79.159458, 12.9702347], [79.1586915, 12.9702791]]}}, {"type": "Feature", "properties": {"kind": "path", "highway": "service"}, "geometry": {"type": "LineString", "coordinates": [[79.1595507, 12.9709226], [79.1596015, 12.9709516], [79.1596488, 12.9709851], [79.1596908, 12.9710255], [79.1597266, 12.9710668], [79.1597553, 12.9711131], [79.1597643, 12.971135], [79.1597748, 12.9711906]]}}, {"type": "Feature", "properties": {"kind": "path", "highway": "service"}, "geometry": {"type": "LineString", "coordinates": [[79.158703, 12.9707953], [79.1594414, 12.9709062], [79.1595507, 12.9709226], [79.1600913, 12.9710037]]}}, {"type": "Feature", "properties": {"kind": "path", "highway": "service"}, "geometry": {"type": "LineString", "coordinates": [[79.1600576, 12.9712314], [79.1600648, 12.9711832], [79.1600913, 12.9710037], [79.1601755, 12.9704346]]}}, {"type": "Feature", "properties": {"kind": "path", "highway": "service"}, "geometry": {"type": "LineString", "coordinates": [[79.1591486, 12.9711001], [79.1591828, 12.9710426], [79.1591935, 12.9710298], [79.1592346, 12.9709941], [79.159281, 12.9709652], [79.1593318, 12.9709385], [79.1593856, 12.9709199], [79.1594414, 12.9709062]]}}, {"type": "Feature", "properties": {"kind": "path", "highway": "footway"}, "geometry": {"type": "LineString", "coordinates": [[79.1591381, 12.9710339], [79.1591828, 12.9710426], [79.1592128, 12.9710485]]}}, {"type": "Feature", "properties": {"kind": "path", "highway": "footway"}, "geometry": {"type": "LineString", "coordinates": [[79.1592128, 12.9710485], [79.1596757, 12.9711175]]}}, {"type": "Feature", "properties": {"kind": "path", "highway": "footway"}, "geometry": {"type": "LineString", "coordinates": [[79.1600225, 12.9711774], [79.1600648, 12.9711832], [79.1601423, 12.9711879]]}}, {"type": "Feature", "properties": {"kind": "path", "highway": "footway"}, "geometry": {"type": "LineString", "coordinates": [[79.1598777, 12.9711574], [79.1600225, 12.9711774]]}}, {"type": "Feature", "properties": {"kind": "path", "highway": "footway"}, "geometry": {"type": "LineString", "coordinates": [[79.1596757, 12.9711175], [79.1597643, 12.971135], [79.1598777, 12.9711574]]}}, {"type": "Feature", "properties": {"kind": "path", "highway": "footway"}, "geometry": {"type": "LineString", "coordinates": [[79.1587418, 12.970977], [79.1591381, 12.9710339]]}}, {"type": "Feature", "properties": {"kind": "path", "highway": "service"}, "geometry": {"type": "LineString", "coordinates": [[79.1609494, 12.9725748], [79.1609423, 12.9725496], [79.1609453, 12.9725237], [79.1609579, 12.9725006], [79.1609783, 12.9724837], [79.1610037, 12.9724753], [79.1610304, 12.9724766], [79.161052, 12.9724856], [79.1610695, 12.9725009], [79.1610809, 12.972521], [79.161085, 12.9725435], [79.1610814, 12.9725662], [79.1610705, 12.9725863]]}}, {"type": "Feature", "properties": {"kind": "path", "highway": "footway"}, "geometry": {"type": "LineString", "coordinates": [[79.1656257, 12.9721349], [79.1655663, 12.9721185], [79.1654645, 12.9720903]]}}, {"type": "Feature", "properties": {"kind": "path", "highway": "footway"}, "geometry": {"type": "LineString", "coordinates": [[79.1658308, 12.9720332], [79.1656257, 12.9721349]]}}, {"type": "Feature", "properties": {"kind": "path", "highway": "footway"}, "geometry": {"type": "LineString", "coordinates": [[79.1610519, 12.9724521], [79.161009, 12.9724438], [79.1609798, 12.9724381]]}}, {"type": "Feature", "properties": {"kind": "path", "highway": "footway"}, "geometry": {"type": "LineString", "coordinates": [[79.1611199, 12.972547], [79.1630558, 12.9728621], [79.1635508, 12.9729317]]}}, {"type": "Feature", "properties": {"kind": "path", "highway": "footway"}, "geometry": {"type": "LineString", "coordinates": [[79.1610928, 12.9721035], [79.1610519, 12.9724521]]}}, {"type": "Feature", "properties": {"kind": "path", "highway": "footway"}, "geometry": {"type": "LineString", "coordinates": [[79.1607662, 12.9722577], [79.1603868, 12.9722376]]}}, {"type": "Feature", "properties": {"kind": "path", "highway": "footway"}, "geometry": {"type": "LineString", "coordinates": [[79.160602, 12.9725078], [79.1603904, 12.9723241]]}}, {"type": "Feature", "properties": {"kind": "path", "highway": "footway"}, "geometry": {"type": "LineString", "coordinates": [[79.164349, 12.9717226], [79.1642235, 12.9716838], [79.1641906, 12.9716692], [79.1641621, 12.9716474], [79.1641199, 12.9715875], [79.1641153, 12.971561], [79.1642908, 12.9712957], [79.164303, 12.9712698], [79.1643095, 12.9711561], [79.1643275, 12.9711286]]}}, {"type": "Feature", "properties": {"kind": "path", "highway": "footway"}, "geometry": {"type": "LineString", "coordinates": [[79.1622663, 12.9714527], [79.1623629, 12.9714634], [79.1630492, 12.9715857]]}}, {"type": "Feature", "properties": {"kind": "path", "highway": "service"}, "geometry": {"type": "LineString", "coordinates": [[79.1621824, 12.9704242], [79.1625519, 12.9704249], [79.162599, 12.9704225], [79.1632828, 12.9703883]]}}, {"type": "Feature", "properties": {"kind": "path", "highway": "service"}, "geometry": {"type": "LineString", "coordinates": [[79.1610072, 12.9725803], [79.1610705, 12.9725863], [79.1627592, 12.9728523], [79.1630489, 12.9728984], [79.1636706, 12.9729831], [79.1640491, 12.9730538], [79.1640958, 12.9730757], [79.1641531, 12.9730952]]}}, {"type": "Feature", "properties": {"kind": "path", "highway": "footway"}, "geometry": {"type": "LineString", "coordinates": [[79.1610718, 12.9708654], [79.1611246, 12.9705258]]}}, {"type": "Feature", "properties": {"kind": "path", "highway": "footway"}, "geometry": {"type": "LineString", "coordinates": [[79.1614019, 12.9708262], [79.1614442, 12.9705732], [79.1611246, 12.9705258], [79.1603686, 12.9704137]]}}, {"type": "Feature", "properties": {"kind": "path", "highway": "footway"}, "geometry": {"type": "LineString", "coordinates": [[79.1604234, 12.9707054], [79.1604369, 12.9706163], [79.1608038, 12.9706694], [79.1607895, 12.9707634]]}}, {"type": "Feature", "properties": {"kind": "path", "highway": "footway"}, "geometry": {"type": "LineString", "coordinates": [[79.1608796, 12.9713035], [79.1609484, 12.9713144], [79.1610109, 12.9713233]]}}, {"type": "Feature", "properties": {"kind": "path", "highway": "footway"}, "geometry": {"type": "LineString", "coordinates": [[79.1601423, 12.9711879], [79.1608796, 12.9713035]]}}, {"type": "Feature", "properties": {"kind": "path", "highway": "service"}, "geometry": {"type": "LineString", "coordinates": [[79.1640811, 12.9704272], [79.1638219, 12.9704316], [79.1632772, 12.9704466]]}}, {"type": "Feature", "properties": {"kind": "path", "highway": "service"}, "geometry": {"type": "LineString", "coordinates": [[79.1645898, 12.9708178], [79.1640811, 12.9704272]]}}, {"type": "Feature", "properties": {"kind": "path", "highway": "footway"}, "geometry": {"type": "LineString", "coordinates": [[79.155888, 12.9697498], [79.1559559, 12.9697471], [79.1560207, 12.9697446]]}}, {"type": "Feature", "properties": {"kind": "path", "highway": "footway"}, "geometry": {"type": "LineString", "coordinates": [[79.1582858, 12.9697956], [79.1582811, 12.9697347], [79.1582745, 12.9696509], [79.1582698, 12.9695904]]}}, {"type": "Feature", "properties": {"kind": "path", "highway": "service"}, "geometry": {"type": "LineString", "coordinates": [[79.1558811, 12.9696499], [79.1553373, 12.9696565]]}}, {"type": "Feature", "properties": {"kind": "path", "highway": "footway"}, "geometry": {"type": "LineString", "coordinates": [[79.1558129, 12.9688505], [79.1558128, 12.9688032], [79.1558128, 12.9687657]]}}, {"type": "Feature", "properties": {"kind": "path", "highway": "service"}, "geometry": {"type": "LineString", "coordinates": [[79.1551515, 12.9684763], [79.1547275, 12.968481]]}}, {"type": "Feature", "properties": {"kind": "path", "highway": "footway"}, "geometry": {"type": "LineString", "coordinates": [[79.1555525, 12.9687406], [79.1555699, 12.9687561], [79.1555901, 12.9687659], [79.1556124, 12.9687691], [79.1558128, 12.9687657], [79.1562951, 12.9687577], [79.1563245, 12.9687494], [79.1563372, 12.9687319], [79.1563423, 12.9687105], [79.1563338, 12.9686878], [79.1563019, 12.9686563], [79.1562489, 12.9686151], [79.156191, 12.9685809], [79.156129, 12.9685542], [79.1560641, 12.9685354], [79.1559972, 12.9685248], [79.1559295, 12.9685227], [79.1558641, 12.9685287], [79.1557999, 12.9685425], [79.155738, 12.968564], [79.1556792, 12.9685929], [79.1556247, 12.9686286], [79.155575, 12.9686706], [79.1555533, 12.9686995], [79.1555473, 12.9687125], [79.155547, 12.9687267], [79.1555525, 12.9687406]]}}, {"type": "Feature", "properties": {"kind": "path", "highway": "service"}, "geometry": {"type": "LineString", "coordinates": [[79.1557364, 12.9688044], [79.1557918, 12.9688509], [79.1558383, 12.9688899], [79.1560087, 12.9688912], [79.15606, 12.9688462], [79.1561145, 12.9687984]]}}, {"type": "Feature", "properties": {"kind": "path", "highway": "service"}, "geometry": {"type": "LineString", "coordinates": [[79.1547316, 12.9688081], [79.1553423, 12.9688106]]}}, {"type": "Feature", "properties": {"kind": "path", "highway": "service"}, "geometry": {"type": "LineString", "coordinates": [[79.1559242, 12.9684769], [79.1559169, 12.9683737], [79.1559136, 12.968327]]}}, {"type": "Feature", "properties": {"kind": "path", "highway": "service"}, "geometry": {"type": "LineString", "coordinates": [[79.1564536, 12.968793], [79.156417, 12.96873], [79.1563729, 12.9686738], [79.1563221, 12.9686235], [79.1562653, 12.9685796], [79.1562033, 12.9685428], [79.1561372, 12.9685138], [79.156068, 12.968493], [79.1559966, 12.9684806], [79.1559242, 12.9684769], [79.155851, 12.9684821], [79.155779, 12.9684961], [79.1557095, 12.9685187], [79.1556433, 12.9685497], [79.1555816, 12.9685884], [79.1555254, 12.9686344], [79.1554755, 12.9686868], [79.1554327, 12.9687449], [79.1553977, 12.9688097]]}}, {"type": "Feature", "properties": {"kind": "path", "highway": "service"}, "geometry": {"type": "LineString", "coordinates": [[79.1558131, 12.9681127], [79.1558231, 12.968249], [79.15583, 12.9682733], [79.1558462, 12.9682931], [79.1558707, 12.968313], [79.1558908, 12.9683239], [79.1559136, 12.968327], [79.155936, 12.9683219], [79.155955, 12.9683092], [79.1559678, 12.9682966], [79.1559836, 12.9682762], [79.1559933, 12.9682525], [79.1559962, 12.968227], [79.1559928, 12.9680902]]}}, {"type": "Feature", "properties": {"kind": "path", "highway": "service"}, "geometry": {"type": "LineString", "coordinates": [[79.1565532, 12.9690324], [79.1565897, 12.9690497], [79.1567168, 12.9691095], [79.1570333, 12.9691108], [79.1571493, 12.9690542], [79.1571835, 12.9690532], [79.1572084, 12.9690524]]}}, {"type": "Feature", "properties": {"kind": "path", "highway": "service"}, "geometry": {"type": "LineString", "coordinates": [[79.1565481, 12.9687915], [79.1565502, 12.9688906], [79.1565532, 12.9690324], [79.1565644, 12.9695603], [79.1565662, 12.9696416]]}}, {"type": "Feature", "properties": {"kind": "path", "highway": "service"}, "geometry": {"type": "LineString", "coordinates": [[79.1592139, 12.967502], [79.1591757, 12.967327]]}}, {"type": "Feature", "properties": {"kind": "path", "highway": "service"}, "geometry": {"type": "LineString", "coordinates": [[79.1593426, 12.9677686], [79.159823, 12.9677581]]}}, {"type": "Feature", "properties": {"kind": "path", "highway": "service"}, "geometry": {"type": "LineString", "coordinates": [[79.1586019, 12.9674805], [79.1588545, 12.9675725], [79.1592139, 12.967502], [79.159711, 12.9673502], [79.1597405, 12.9673468], [79.1597693, 12.9673541], [79.1597934, 12.9673709], [79.1598096, 12.9673952], [79.1598157, 12.9674235], [79.159823, 12.9677581], [79.1598348, 12.9683005], [79.1595854, 12.968307]]}}, {"type": "Feature", "properties": {"kind": "path", "highway": "service"}, "geometry": {"type": "LineString", "coordinates": [[79.1589309, 12.9695956], [79.1588264, 12.9696083], [79.1586931, 12.9696244]]}}, {"type": "Feature", "properties": {"kind": "path", "highway": "service"}, "geometry": {"type": "LineString", "coordinates": [[79.1624528, 12.9700417], [79.1620865, 12.9697159], [79.1603968, 12.9689134], [79.1597638, 12.9687592], [79.1594298, 12.9686834], [79.1587874, 12.968622], [79.1587174, 12.9686177]]}}, {"type": "Feature", "properties": {"kind": "path", "highway": "service"}, "geometry": {"type": "LineString", "coordinates": [[79.1589712, 12.9697786], [79.1589309, 12.9695956], [79.1588344, 12.9689696], [79.1587874, 12.968622]]}}, {"type": "Feature", "properties": {"kind": "path", "highway": "service"}, "geometry": {"type": "LineString", "coordinates": [[79.1588518, 12.9698387], [79.1588264, 12.9696083], [79.1587174, 12.9686177]]}}, {"type": "Feature", "properties": {"kind": "path", "highway": "service"}, "geometry": {"type": "LineString", "coordinates": [[79.1588315, 12.9726319], [79.1588384, 12.9727831]]}}, {"type": "Feature", "properties": {"kind": "path", "highway": "service"}, "geometry": {"type": "LineString", "coordinates": [[79.1624528, 12.9700417], [79.1624622, 12.9701237], [79.1625118, 12.9702426], [79.1625534, 12.9703502], [79.162599, 12.9704225]]}}]}